John,2143
William,1893
James,1690
Thomas,725
George,596
Henry,446
Robert,441
Joseph,392
Samuel,340
David,290
Charles,255
Andrew,195
Benjamin,174
Daniel,162
Isaac,138
Jesse,125
Richard,121
Jacob,108
Edward,98
Frank,95
Alexander,88
Francis,80
Lewis,71
Alfred,71
Joe,71
Albert,69
Peter,68
Stephen,67
Martin,67
Elijah,65
Jim,61
Hiram,58
Green,55
Sam,53
Hugh,52
Jas,51
Tom,50
Jonathan,50
Jno,50
Jasper,50
Wiley,50
Joshua,49
Joel,48
Willis,42
Moses,42
Allen,41
Calvin,41
Alex,41
Elisha,40
Jack,40
Ben,39
Eli,39
Michael,39
Bill,38
Franklin,37
Elias,37
Wesley,37
Nathan,35
Walter,35
Newton,35
Marion,34
Josiah,33
Nathaniel,33
Solomon,33
Mathew,32
Harvey,31
Rufus,30
Reuben,30
Geo,30
Aaron,30
Levi,30
Thos,30
Ira,29
Jackson,29
Silas,28
Asa,28
Archibald,27
Philip,26
Augustus,26
Jefferson,26
Bob,25
Washington,25
Columbus,25
Jeremiah,25
Abner,24
Louis,23
Christopher,23
Adam,22
Mark,22
Anderson,22
Wilson,22
Fred,22
Enoch,22
Noah,21
Milton,21
Madison,21
Pleasant,21
Amos,21
Abraham,20
Marcus,20
Monroe,20
Oliver,20
Matthew,19
Edwin,19
Felix,19
Jessie,19
Warren,19
Patrick,18
Paul,18
Leroy,18
Phillip,18
Caleb,18
Fleming,18
Dan,17
Elbert,17
Isham,16
Jeff,16
Dave,16
Alonzo,16
Berry,15
Jerry,15
Julius,15
Sidney,15
Riley,14
Henderson,14
Abram,14
Miles,14
Cornelius,14
Lucius,13
Eugene,13
Ruben,13
Floyd,13
Luke,13
Lee,13
Harrison,13
Simeon,13
Job,13
Arthur,12
Leonard,12
Ransom,12
Perry,12
Austin,12
Robt,12
Nicholas,12
Frederick,12
Giles,12
Simon,11
Edmund,11
Jake,11
Benjiman,11
Dick,11
Jordan,11
Lemuel,11
Morgan,11
Ezekiel,11
Zack,11
Jos,11
Theodore,10
Zachariah,10
Lafayette,10
Andy,10
Chas,10
Jonas,10
Granville,10
Dennis,10
Burwell,10
Napoleon,10
Lorenzo,10
Lawrence,9
Ambrose,9
Jerome,9
Obediah,9
Will,9
Isaiah,9
Bartlett,9
Presley,9
Thompson,9
Jessee,9
Timothy,9
Leander,9
Owen,9
Jason,9
Larkin,9
Hamilton,8
Johnson,8
Young,8
Gideon,8
Gabriel,8
Dock,8
Bird,8
Charley,8
Edmond,8
Luther,8
Coleman,8
Erasmus,8
Davis,8
Seaborn,8
Anthony,8
Polk,8
Vincent,8
Horace,8
Alford,8
Peyton,8
Sylvester,8
Benton,8
Rubin,8
Johnathan,8
Clark,8
Basil,7
Matt,7
Harris,7
Hardy,7
Marshall,7
Doc,7
Angus,7
Porter,7
Ellis,7
Irvin,7
Nick,7
Billy,7
Sanford,7
Duncan,7
Lawson,7
Walker,7
Pinkney,7
Nelson,7
Crockett,7
Turner,6
Elkanah,6
Harry,6
Theophilus,6
Leonidas,6
Sterling,6
Beverly,6
Preston,6
Gilbert,6
Wright,6
Jabez,6
Houston,6
Gus,6
Hezekiah,6
Augusta,6
Ephram,6
Warner,6
Mike,6
Aron,6
Scott,6
Tandy,6
LaFayette,6
Benjaman,6
Nimrod,6
Gordon,6
Issac,6
Uriah,6
Emanuel,6
Frances,6
Crawford,6
Addison,6
Seth,5
Junius,5
Clement,5
Wade,5
Elsberry,5
Billie,5
Emmett,5
Winston,5
Fredrick,5
Dempsy,5
Mitchell,5
Chesley,5
Slade,5
Bryant,5
Reubin,5
Bernard,5
Oscar,5
Steve,5
Jeptha,5
Carroll,5
Morrison,5
Josephus,5
Sampson,5
Newt,5
Christian,5
Herman,5
Hampton,5
Richmond,5
Archie,5
Tobe,5
Littleberry,5
Emory,5
Josh,5
Flemming,5
Saml,5
Evan,5
Absalom,5
Mason,5
Noel,5
Reason,5
Burrell,5
Norman,5
Lindsay,5
Zion,5
Gustavus,4
Williams,4
Isom,4
Simpson,4
Waddy,4
Dallas,4
Hilliard,4
Bud,4
Roland,4
Clayton,4
Ike,4
Tim,4
Toney,4
Charlie,4
Pete,4
Alvin,4
Little,4
Rube,4
Major,4
Pat,4
Ephraim,4
Isiah,4
Toliver,4
Tobias,4
Curtis,4
Foster,4
Benj,4
Claiborne,4
Pope,4
Haywood,4
Harper,4
Mack,4
Hunter,4
Enos,4
General,4
Wilkerson,4
Randolph,4
Russell,4
Wood,4
Britton,4
Virgil,4
Plesant,4
Erastus,4
Morris,4
Taylor,4
Onus,4
Elihu,4
Levy,4
Wyatt,4
August,4
Doctor,4
Sydney,4
Jehu,4
Ballard,4
Tazewell,4
Lilburn,4
Cullen,3
Braxton,3
Ellison,3
Raleigh,3
Montgomery,3
Arnold,3
Bryan,3
Roger,3
Humphrey,3
Carter,3
Marcellus,3
Lloyd,3
Willey,3
Mastin,3
Ruffin,3
Lazarus,3
Pleas,3
Williamson,3
Jerdan,3
Melton,3
Taul,3
Landon,3
Carlton,3
Alberto,3
Gip,3
Alf,3
Needham,3
Mose,3
Phil,3
Hal,3
Willaim,3
Stephens,3
Ephriam,3
Cyrus,3
Middleton,3
Sanders,3
Archer,3
Darling,3
Tilman,3
Malcomb,3
Sol,3
Harmon,3
Blake,3
Clem,3
Aiken,3
Jules,3
Sebron,3
Burrel,3
Bennett,3
Chandler,3
Julous,3
Hope,3
Charlton,3
Soloman,3
Neil,3
Clarence,3
Joab,3
Lucian,3
Lem,3
Obadiah,3
Adolphus,3
Travis,3
Wallace,3
Bart,3
Malcolm,3
Casper,3
Pink,3
Eldridge,3
Marshal,3
Ernest,3
Adison,3
Rush,3
Spencer,3
Joesph,3
Julian,3
Ward,3
Cherry,3
Micajah,3
Commodore,3
Smith,3
Barney,3
Autauga,3
Mat,3
Elija,3
Ralph,3
Jonothan,3
Asberry,3
Minor,3
Early,3
Valentine,3
Sparrel,3
Harden,3
Ananias,3
Jenkins,3
Alpheus,2
Tyree,2
Winfield,2
Jeremy,2
Micah,2
Bushrod,2
Evander,2
Lunsford,2
Armistead,2
Mansfield,2
Dandridge,2
Jean,2
Allison,2
Roswell,2
Claudius,2
Jones,2
Pierce,2
Gilliam,2
Holly,2
Adolphas,2
Nat,2
Willie,2
Rich,2
Lycurgus,2
Wilie,2
Danl,2
Butler,2
Boswell,2
Roaland,2
Asbery,2
Edmon,2
Cal,2
Hamp,2
Chris,2
Guss,2
Godfrey,2
Dee,2
Homer,2
Judge,2
Amon,2
Tony,2
Barnes,2
Drew,2
Saul,2
Ashley,2
Sherwood,2
Felton,2
Archable,2
Shirrell,2
Ervin,2
Cicero,2
Marquis,2
Newman,2
Swepton,2
Wesly,2
Maston,2
Earl,2
Neal,2
Enock,2
Littleton,2
Otway,2
Eliza,2
Flavius,2
Otis,2
Millington,2
Vernon,2
Gilford,2
Redding,2
Lindsey,2
Jere,2
Walton,2
German,2
Jame,2
Howard,2
Andres,2
Asburn,2
Sid,2
Barclay,2
Dempsey,2
Armstrong,2
Seborn,2
Buck,2
Berdine,2
Esaw,2
Wilton,2
Aubrey,2
Jerre,2
Hartwell,2
Amzi,2
Lorenza,2
Fayette,2
Jessey,2
Ramsey,2
Carol,2
Wayne,2
Ebenezer,2
Boykin,2
Ely,2
Sim,2
Fort,2
Neill,2
Malcom,2
Ulysses,2
Alec,2
Orlando,2
Gersham,2
Johnston,2
Gaston,2
Watson,2
Charnel,2
Ples,2
Abel,2
Elliott,2
Monk,2
Sebourn,2
Starling,2
Aris,2
Benjamine,2
Woodson,2
Sherod,2
Overton,2
Thaddeus,2
Wesely,2
Aquilla,2
Thadeus,2
Westley,2
Larrie,2
Malachi,2
Goodman,2
Thales,2
Alonza,2
Calaway,2
Tyler,2
Sandy,2
Red,2
Meredith,2
Osborne,2
Irwin,2
Freeman,2
Wash,2
Gerald,2
Booker,2
Wilbur,2
Pryor,2
Adolph,2
Cater,2
Clinton,2
Whitfield,2
Charly,2
Armstead,2
Shem,2
Boling,2
Graves,2
Eligah,2
Archabel,2
Park,2
Omar,2
Dalton,2
Hix,2
Laban,2
Robinson,2
Eliga,2
Zacheus,2
Elkana,2
Jethro,2
Elifus,2
Jobe,2
Elzy,2
Iredell,2
Burnett,2
Bradford,2
Adolphos,2
Marvel,2
Wyley,2
Burney,2
Ferdinand,2
Hyram,2
Percy,2
Jepe,2
Leslie,2
Hay,2
Sion,2
Tillman,2
Alexanda,2
Elam,2
Zederick,2
Harvy,2
Israel,2
Tilmon,2
Tipton,2
Allious,2
Sergeant,2
Jeramiah,2
Davenport,2
Isac,2
Shelton,2
Claborn,2
Zeno,2
Marmaduke,2
Kennon,2
Arch,2
Rice,2
Sebastian,2
Burdine,2
Griffith,2
Lynch,2
Mahlon,2
Mathias,2
Edgar,2
Carr,2
Huston,2