Smith,302
Jones,270
Johnson,230
Williams,212
Davis,173
Moore,158
Brown,155
Taylor,147
Wilson,146
Martin,140
Thompson,131
Harris,117
Lee,112
Thomas,110
Miller,108
Hall,107
White,106
Walker,96
Allen,93
Green,88
Wright,88
Lewis,83
Wood,83
Kelly,81
Stewart,78
King,78
Parker,75
Phillips,74
Hill,73
Clark,71
Cook,71
Jackson,71
Roberts,70
Carter,68
Adams,65
Young,65
Russell,65
Cox,64
Robinson,64
Turner,64
Anderson,63
Ward,63
Morgan,61
Edwards,59
Baker,58
Campbell,58
Gibson,57
Scott,57
Stephens,57
Gray,56
Duncan,55
Sanders,55
Garrett,55
Mitchell,54
Montgomery,54
James,53
Patterson,53
Watson,53
Jordan,52
Griffin,51
Mason,51
Morris,50
Sims,50
Simmons,49
Robertson,48
Murphy,48
Bell,47
Harrison,47
Graham,47
Rogers,47
Armstrong,46
Johnston,46
Coleman,46
Davidson,45
Mills,45
Nelson,44
Crawford,44
McDonald,44
Daniel,43
Reynolds,42
Richardson,42
Henderson,42
May,42
Cooper,41
Evans,41
Bailey,41
Collins,41
Freeman,41
Howell,41
Hughes,41
Owens,41
Dean,39
Alexander,38
Cunningham,38
Stone,38
Williamson,38
Yarbrough,38
Payne,37
Wallace,37
Howard,37
Powell,37
Rice,37
Bryant,37
Long,36
Warren,36
Cobb,35
Brooks,35
Hamilton,35
Malone,35
Fuller,34
Hicks,34
Simpson,34
Tucker,33
Bishop,33
Foster,33
Lawrence,33
Weaver,33
Willis,32
Lane,31
Barnes,31
Ellis,31
Hudson,31
Barnett,31
Butler,30
Parsons,30
Andrews,30
Cole,30
Graves,30
Harper,30
Horton,30
Oliver,30
Webb,30
Wells,30
Marshall,29
Palmer,29
Ford,29
Hale,29
Jennings,29
Norris,29
Wade,29
Jenkins,28
Perry,28
Bennett,28
Craig,28
Nichols,28
Pearson,28
Stokes,28
Riley,28
Gordon,27
Hood,27
Curry,27
George,27
Kent,27
Key,27
Mathews,27
Hodges,27
Kirkland,26
Vaughn,26
Black,26
Boyd,26
Ingram,26
Knowles,26
Miles,26
Reeves,25
Self,25
Franklin,25
Chandler,25
Elliott,24
Little,24
Berry,24
Brewer,24
Burns,24
Horn,24
Lawson,24
Owen,24
Holmes,23
Sharp,23
Burton,23
Bush,23
Fowler,23
Houston,23
Keith,23
Myers,23
Ray,23
Weeks,23
Fields,23
Gardner,22
Price,22
Crow,22
Dunn,22
Mann,22
Morrison,22
Patrick,22
Reese,22
Roberson,22
Underwood,22
Whatley,22
Arnold,22
Hylton,22
Quesenberry,22
Grimes,21
Cochran,21
Day,21
Gaines,21
Holt,21
Lester,21
Mosely,21
Pickens,21
Watkins,21
West,21
Knight,21
Richards,21
Waldrop,21
Woods,21
Bonner,21
Fletcher,21
Burnett,20
Drake,20
Hart,20
Lindsey,20
Love,20
McDaniel,20
Peters,20
Reaves,20
Shaw,20
Shelton,20
Spangler,20
Pitts,20
Pugh,20
Woodward,20
Conner,19
Kennedy,19
Collier,19
Farmer,19
Livingston,19
Lucas,19
Mosley,19
Neely,19
Pierce,19
Porter,19
Rhodes,19
Skinner,19
Morrow,19
Garner,19
McCain,19
Hartley,19
Beasley,18
Carr,18
Glover,18
Henry,18
Holloway,18
Middleton,18
Norton,18
Scruggs,18
Stapleton,18
Ball,18
Burgess,18
Pope,18
Todd,18
Christian,18
McMillan,18
Carroll,17
Ross,17
Terry,17
Baxter,17
Caldwell,17
Carmichael,17
Gilbert,17
Gregory,17
Hawkins,17
Haynes,17
Hickman,17
Hubbard,17
Kelley,17
Mobley,17
Orr,17
Powers,17
Rodgers,17
Sewell,17
Snow,17
Vinson,17
Boykin,17
Ware,17
Watts,17
Dickerson,17
Pennington,17
Reed,17
Weddle,17
Hampton,16
Lyon,16
Page,16
Pickett,16
Pike,16
Stevens,16
Bates,16
Blackwell,16
Blair,16
Clements,16
Davenport,16
Golden,16
Haynie,16
Hunter,16
Lang,16
Maxwell,16
McClellan,16
Melton,16
Mims,16
Moseley,16
Murray,16
Perkins,16
Pratt,16
Sloan,16
Sullivan,16
Swan,16
Wilkerson,16
Willingham,16
Akers,16
Burke,16
Harvey,16
Hendrix,16
Lowe,16
Pate,16
Mullins,16
Hays,15
McIntosh,15
Moody,15
Wheeler,15
Blankenship,15
Bowling,15
Bridges,15
Brock,15
Byrd,15
Carpenter,15
Dixon,15
Hammond,15
Hardin,15
Hardy,15
Hendon,15
Holland,15
Land,15
Landers,15
Lowery,15
McKinney,15
Newman,15
Sheppard,15
Stephenson,15
Walls,15
Bradley,15
Compton,15
Ryan,15
Deason,15
Gilmore,15
Poteet,15
Wiley,15
Roop,15
Goad,15
Bryan,14
Clayton,14
Ferguson,14
Posey,14
Vaughan,14
Wise,14
Barker,14
Dodson,14
Massey,14
McClung,14
McCollum,14
McCullough,14
Nabors,14
Oden,14
Ramsey,14
Roden,14
Rutledge,14
Shepherd,14
Vincent,14
Bolton,14
Brasher,14
Busby,14
Cannon,14
Chapman,14
Flanary,14
Hopkins,14
Avery,14
Casey,14
Spence,14
Tatum,14
Tipton,14
Sutphin,14
Bowen,13
Griffith,13
O`Neal,13
Slaughter,13
Beard,13
Farley,13
Goodwin,13
Grant,13
Guy,13
Hester,13
Hines,13
Kemp,13
Lackey,13
Leonard,13
Lyons,13
Manning,13
Mixon,13
Patton,13
Pruett,13
Quinn,13
Rountree,13
Sanford,13
Stanford,13
Stinson,13
Truss,13
Benson,13
Dickson,13
Dudley,13
Glenn,13
Hanna,13
Huffman,13
Rowe,13
Stidham,13
Harman,13
Whorton,13
Wilkins,13
Blackburn,13
Frazier,13
Glass,13
Hobbs,13
Saunders,13
Elmore,13
Barton,12
Benton,12
Lovell,12
McRae,12
Tyler,12
Whitfield,12
Clarke,12
Copeland,12
Dawson,12
Dobbins,12
Dobbs,12
Fisher,12
Gamble,12
Gurley,12
Guttery,12
Hannon,12
Harden,12
Joiner,12
Kendrick,12
Kling,12
Lancaster,12
Lock,12
Merrill,12
Murphey,12
Nance,12
Potts,12
Prater,12
Reid,12
Richey,12
Sloss,12
Stanley,12
Sutton,12
Thornton,12
Tidwell,12
Ulmer,12
Vest,12
Wall,12
Waller,12
Waters,12
Weatherly,12
Acton,12
Bradford,12
Cross,12
Harrell,12
Minor,12
Seals,12
Vann,12
Blake,12
Hancock,12
Mabry,12
Riddle,12
Acker,12
McElroy,12
Helton,12
Gilliam,12
Sowers,12
Sisson,12
Bragg,11
Bullock,11
Cheatham,11
Cockrell,11
Duke,11
Gilmer,11
Logan,11
Steele,11
Stuart,11
Vance,11
Bentley,11
Booth,11
Browning,11
Cain,11
Camp,11
Chappell,11
Cotton,11
Dye,11
Elkins,11
Eubank,11
Eubanks,11
Faulkner,11
Goodson,11
Jarrett,11
Kirkpatrick,11
Leak,11
Lipscomb,11
Lockhart,11
Mackey,11
Mooney,11
Sandlin,11
Sellers,11
Strickland,11
Swann,11
Tate,11
Walden,11
Wiggins,11
Woodard,11
Wyatt,11
Abernathy,11
Calhoun,11
Dalton,11
Douglas,11
Grissom,11
Hinson,11
Langley,11
Webster,11
Booker,11
Carney,11
Curtis,11
Flinn,11
Grace,11
Nolen,11
Pearce,11
Spencer,11
Tarver,11
Townsend,11
Dickinson,11
McCreary,11
Winn,11
Yeager,11
Farris,11
Epperly,11
Ely,11
Olinger,11
Tritt,11
Brandon,10
Finley,10
Floyd,10
Hodge,10
Pettus,10
Simms,10
Stevenson,10
Wickham,10
Childers,10
Gentry,10
Hagan,10
Harwell,10
Holley,10
Hurst,10
John,10
Looney,10
Marsh,10
McCall,10
McCord,10
Meadows,10
Morton,10
Northcutt,10
Philips,10
Poe,10
Pollard,10
Robbins,10
Rosamond,10
Smiley,10
Sparks,10
Vickers,10
Walters,10
Weems,10
Wilkinson,10
Winter,10
Wynn,10
Adair,10
Boon,10
Brady,10
Carlton,10
Fleming,10
Garrison,10
Newberry,10
Pritchett,10
Sizemore,10
Walton,10
Austin,10
Blackmon,10
Coker,10
Hassell,10
Hendrick,10
Humphries,10
Jacobs,10
McDavid,10
Odom,10
Shackelford,10
Dulaney,10
Skelton,10
Sowell,10
Worrell,10
Durham,10
Kilgore,10
Radford,10
Seale,10
Turman,10
Boggs,9
Brantley,9
Echols,9
Sibley,9
Bonds,9
Brunson,9
Crenshaw,9
English,9
Germany,9
Grady,9
Greenwood,9
Hayes,9
Hendricks,9
Herman,9
Hollingsworth,9
Hunt,9
Ingle,9
Jinks,9
Kidd,9
Kilpatrick,9
Lambert,9
Lavender,9
Lawler,9
Loper,9
Mastin,9
Mayo,9
McCoy,9
McDowell,9
McVoy,9
McWilliams,9
Osborn,9
Parks,9
Pelham,9
Pettit,9
Pool,9
Purvis,9
Rives,9
Roach,9
Shoemaker,9
Singleton,9
Story,9
Vernon,9
Weatherford,9
Welch,9
Woodall,9
Wooten,9
Alford,9
Atkins,9
Barganier,9
Bowman,9
Britton,9
Bullard,9
Callahan,9
Donald,9
Ethridge,9
Hinton,9
Ivey,9
Lamb,9
Locke,9
McNeil,9
Merritt,9
Mullen,9
Rabby,9
Saxon,9
Thrower,9
Ballard,9
Barber,9
Dolive,9
Hutchinson,9
Kirk,9
Newton,9
Riggs,9
Colvin,9
Dennis,9
Jernigan,9
McLaughlin,9
Crump,9
Nash,9
Gann,9
Thurman,9
Deakle,9
Summers,9
Finch,9
Huff,9
Mcdaniel,9
Poff,9
Sarver,9
Battle,8
Crittenden,8
Frost,8
Garnett,8
Law,8
York,8
Britt,8
Carson,8
Clancy,8
Cleveland,8
DeBardeleben,8
Denton,8
Dial,8
Dubose,8
East,8
Gandy,8
Goldthwaite,8
Gulley,8
Hagler,8
Hambrick,8
Hare,8
Head,8
Holcombe,8
Holliday,8
Hollis,8
Hulsey,8
Jennett,8
Keeton,8
Latham,8
Lynn,8
Mayfield,8
Mays,8
McKee,8
Moss,8
Nobles,8
Norwood,8
Pace,8
Partridge,8
Peavey,8
Peel,8
Power,8
Rivers,8
Roney,8
Rowell,8
Salter,8
Shackleford,8
Shirley,8
Sledge,8
Street,8
Stroud,8
Talley,8
Tanner,8
Tiller,8
Wait,8
Wallis,8
Wooley,8
Barr,8
Boone,8
Borden,8
Childress,8
Corley,8
Cornelius,8
Dailey,8
Dorman,8
Ellison,8
Erwin,8
Ezell,8
Holder,8
Holly,8
Knox,8
Kyle,8
Lide,8
McClendon,8
Mize,8
Nettles,8
Oldham,8
Pardue,8
Ponder,8
Richburg,8
Roper,8
Rumph,8
Rushing,8
Small,8
Staples,8
Amos,8
Boothe,8
Coats,8
Dillard,8
Giddens,8
Goins,8
Holman,8
Kimbrough,8
Milligan,8
Noel,8
Aldridge,8
Barrett,8
Bledsoe,8
Burk,8
Crook,8
McArthur,8
Moon,8
Tuck,8
Venable,8
Banks,8
Breedlove,8
Collum,8
Gilliland,8
Hammonds,8
Skipper,8
Ridgeway,8
Light,8
Colburn,8
Meriwether,8
Deshazo,8
Hewitt,8
Shelly,8
Phlegar,8
Robinett,8
Yeary,8
Baldwin,7
Cooke,7
Cosby,7
Frazer,7
Garrott,7
Grayson,7
Greer,7
Gregg,7
Hagood,7
Higgins,7
Polk,7
Randolph,7
Scales,7
Bolin,7
Bowlin,7
Chambers,7
Crowe,7
Dowling,7
Downing,7
Draper,7
Finney,7
Gilley,7
Greene,7
Guthrie,7
Hammock,7
Hargrove,7
Harwood,7
Heflin,7
Hilton,7
Honeycutt,7
Humphrey,7
Johns,7
Kerby,7
Knighton,7
Lacy,7
McCarty,7
McGee,7
McKenzie,7
Messer,7
Micou,7
Mitchel,7
Motley,7
Neal,7
Nunnelly,7
Painter,7
Peebles,7
Poole,7
Prickett,7
Rentz,7
Roy,7
Sexton,7
Smart,7
Staggers,7
Summerford,7
Turnipseed,7
Whitlock,7
Woodruff,7
Woolley,7
Baird,7
Bellamy,7
Blakely,7
Blount,7
Briggs,7
Burch,7
Carlisle,7
Charlton,7
Couch,7
Donaldson,7
Douglass,7
Drinkard,7
Eddins,7
England,7
Galloway,7
Gayle,7
Haley,7
Herndon,7
Kyser,7
Ledbetter,7
McLean,7
Murrell,7
Murry,7
Shell,7
Short,7
Spivey,7
Whitehead,7
Wilhite,7
Youngblood,7
Allison,7
Autrey,7
Cherry,7
Dunlap,7
Floid,7
Flowers,7
Herron,7
Langston,7
McAllister,7
McBride,7
Musgrove,7
Parrish,7
Scoggins,7
Bain,7
Francis,7
House,7
Malloy,7
McFarland,7
Slayton,7
Sumner,7
Wilder,7
Cecil,7
Haney,7
Hutto,7
Nixon,7
Whitman,7
Hudgins,7
Janney,7
Samuel,7
Stringfellow,7
Leslie,7
Creel,7
Thacker,7
Culpepper,7
Mathis,7
Moses,7
Milling,7
Bradberry,7
Correll,7
Muncey,7
Ratliff,7
Wirt,7
Falin,7
French,6
Godwin,6
Hatton,6
Rains,6
Ransom,6
Roddey,6
Shelby,6
Starke,6
Stovall,6
Babb,6
Boozer,6
Boswell,6
Boutwell,6
Bozeman,6
Byars,6
Champion,6
Clifton,6
Covington,6
Cranford,6
Daniels,6
Deloach,6
Denson,6
Dodd,6
Gilchrist,6
Golson,6
Grantham,6
Hames,6
Hannah,6
Harrington,6
Hawthorne,6
Haygood,6
Heath,6
Hensley,6
Henson,6
Hewlett,6
Higginbotham,6
Hooker,6
Hutchison,6
Ivy,6
Kimbrell,6
Kirby,6
Lambrecht,6
Lawley,6
Lloyd,6
Lollar,6
Luis,6
Maddox,6
Manson,6
McCluskey,6
McWhorter,6
Minton,6
Monroe,6
Noe,6
Northcut,6
O`Rear,6
Pierson,6
Prince,6
Ragland,6
Rose,6
Rowland,6
Sawyer,6
Sayers,6
Simpkins,6
Stuckey,6
Tomlinson,6
Waddell,6
Washburn,6
Wasson,6
Wimberly,6
Windham,6
Blue,6
Bond,6
Box,6
Browder,6
Burks,6
Calloway,6
Catrett,6
Church,6
Crum,6
Doss,6
Eiland,6
Fincher,6
Harbin,6
Hardwick,6
Horne,6
Irwin,6
Loveless,6
Lynch,6
Osburn,6
Pittman,6
Pruitt,6
Starling,6
Stubbs,6
Sykes,6
Tompkins,6
Wagnon,6
Whitmire,6
Adkins,6
Barlow,6
Blakeney,6
Blevins,6
Callaway,6
Cline,6
Craft,6
Durant,6
Flournoy,6
Gable,6
Gordan,6
Helms,6
Kenedy,6
Lundy,6
Maples,6
McAlpine,6
McGuire,6
Moor,6
Peace,6
Reece,6
Sheffield,6
Speed,6
Stanfield,6
Vardaman,6
Varner,6
Wakefield,6
Weekley,6
Carver,6
Dotson,6
Dunkin,6
Dupree,6
Fail,6
Farish,6
Farrar,6
Felts,6
Fitzpatrick,6
Justice,6
Littlejohn,6
McCurdy,6
Pegues,6
Roller,6
Thorn,6
Winton,6
Clinton,6
Gant,6
Paul,6
Tisdale,6
Travis,6
Witt,6
Capps,6
Hatch,6
Lagrone,6
Marks,6
Peterson,6
Harless,6
Killian,6
Mallory,6
Ryland,6
Taff,6
Tillery,6
Boulware,6
Edmonds,6
Thames,6
Clowers,6
Cowart,6
Teel,6
Garman,6
Daugherty,6
Seales,6
Beverly,6
Blan,6
Candle,6
Crews,6
Heacock,6
Keller,6
Wolfe,6
Fancher,6
Osborne,6
Murchison,6
Usry,6
Mcpeak,6
Showalter,6
Via,6
Blakemore,6
Creech,6
Duff,6
Fleenor,6
Isom,6
Mcconnell,6
Redwine,6
Beall,5
Buford,5
Clanton,5
Dockery,5
Forney,5
Gary,5
Hawthorn,5
Hogg,5
Lowry,5
Pendleton,5
Preston,5
Rust,5
Shelley,5
Walthall,5
Agnew,5
Alison,5
Alley,5
Barfield,5
Beach,5
Bender,5
Best,5
Blackborn,5
Bowers,5
Boyles,5
Bradshaw,5
Brame,5
Centerfit,5
Chesser,5
Clem,5
Cone,5
Cousins,5
Crocker,5
Crommolin,5
Crowell,5
Driver,5
Durden,5
Emorson,5
Etheridge,5
Ferrell,5
Foust,5
Gains,5
Gunn,5
Hooks,5
Hopping,5
Hudgens,5
Huggins,5
Jennette,5
Jerrell,5
Jeter,5
Jolly,5
Kicker,5
Laird,5
Lott,5
Lyle,5
Marion,5
Matheny,5
Matthews,5
Maynor,5
McClanahan,5
McDougald,5
McKinzie,5
McLain,5
Metcalf,5
Milam,5
Noble,5
Penn,5
Presley,5
Pritchard,5
Purcell,5
Rich,5
Rudolph,5
Salmon,5
Sargent,5
Sauls,5
Scarbrough,5
Smoot,5
Snead,5
Snowden,5
Snyder,5
Stabler,5
Stallings,5
Stepp,5
Still,5
Thorington,5
Tubbs,5
Wadkins,5
Washington,5
Weldon,5
Westbrook,5
Whetstone,5
Whisenant,5
Windes,5
Yarborough,5
Abney,5
Beatty,5
Bolling,5
Boshell,5
Calvert,5
Cowan,5
Cullen,5
Fanning,5
Faust,5
Finlayson,5
Fitts,5
Fountain,5
Fox,5
Funderburk,5
Gates,5
Gholston,5
Herring,5
Hightower,5
Hipp,5
Inman,5
Lacey,5
Laurendine,5
Linton,5
Littlepage,5
Loving,5
Masters,5
McAlpin,5
McCarley,5
McGhee,5
McKellar,5
McLendon,5
McMullen,5
Meyers,5
Moorer,5
Nicholson,5
Nix,5
Oxford,5
Petty,5
Raines,5
Randall,5
Ratcliff,5
Robison,5
Scarborough,5
Shaver,5
South,5
Stallworth,5
Warrick,5
Yerby,5
Atkinson,5
Cheek,5
Elliot,5
Ervin,5
Heard,5
Lankford,5
Letson,5
Lunsford,5
Lusk,5
McConnell,5
McGill,5
McMahan,5
McPherson,5
Neighbors,5
Pickering,5
Skeen,5
Stroup,5
Tharp,5
Berryhill,5
Bostick,5
Cooner,5
Dallas,5
Gibbs,5
Goode,5
Haden,5
Hamlin,5
Harry,5
Hutchens,5
Ledyard,5
McLeod,5
Milford,5
Minter,5
Noland,5
Outlaw,5
Rutherford,5
Savage,5
Skidmore,5
Tackett,5
Templeton,5
Whiteside,5
Amerson,5
Byers,5
Howerton,5
Leigh,5
McGraw,5
Money,5
Boyle,5
Byram,5
Castleberry,5
Courtney,5
Forbes,5
Mark,5
McGowen,5
Spotswood,5
Barron,5
Beckett,5
Brand,5
Deaton,5
Earnest,5
Frederick,5
Lively,5
Anthony,5
Dobyns,5
Laney,5
Robbs,5
Shields,5
Wadsworth,5
Hyatt,5
Stapp,5
Bobo,5
Creighton,5
McKnight,5
Meharg,5
Davison,5
Gatewood,5
Wideman,5
Ginn,5
Gorman,5
Grogan,5
Nipper,5
Rayfield,5
Robb,5
Greathouse,5
Hobson,5
Lesley,5
Morehead,5
Clawson,5
Fulenwider,5
Lovins,5
Nivens,5
Pane,5
Renfro,5
Cloud,5
Lanton,5
Craghead,5
Dickens,5
Furrow,5
Slusher,5
Worley,5
Brent,5
France,5
Fugate,5
Quilen,5
Ramey,5
Reasor,5
Richmond,5
Slemp,5
Sprinkle,5
Archer,4
Barksdale,4
Bonham,4
Early,4
Gatlin,4
Helm,4
Humphreys,4
Pryor,4
Taliaferro,4
Wharton,4
Whiting,4
Askew,4
Athey,4
Baily,4
Basil,4
Beason,4
Benbow,4
Blaylock,4
Boles,4
Brackin,4
Brook,4
Broyles,4
Buchanan,4
Burt,4
Cary,4
Caver,4
Childs,4
Cochron,4
Cockran,4
Conway,4
Cravey,4
Danner,4
Darby,4
DeArman,4
Deramus,4
Dill,4
Earle,4
Eidson,4
Emerson,4
Emmons,4
Estes,4
Fain,4
Feaster,4
Friend,4
Garrard,4
Giles,4
Glaze,4
Goggins,4
Goodlett,4
Goodman,4
Gorden,4
Grigsby,4
Grist,4
Gunter,4
Haines,4
Ham,4
Hanks,4
Hardie,4
Harvell,4
Holcomb,4
Hoyle,4
Huey,4
Jarnagin,4
Kirbo,4
Kirksey,4
Lasiter,4
Linam,4
Linns,4
Loftis,4
Lord,4
Loyd,4
Magnan,4
Mallard,4
Markham,4
Masterson,4
McCarver,4
McCay,4
McCluney,4
McGehee,4
McKay,4
Means,4
Meggs,4
Middlebrooks,4
Millender,4
Nail,4
Nesmith,4
Odell,4
Plant,4
Pogue,4
Rucker,4
Sanderson,4
Shephard,4
Simonton,4
Smallwood,4
Smyth,4
Solomon,4
Spratt,4
Starlin,4
Stockdale,4
Stricklin,4
Stringer,4
Thomson,4
Thrasher,4
Toney,4
Wear,4
Adcock,4
Ashley,4
Banister,4
Barrow,4
Bass,4
Bingham,4
Blalock,4
Buckley,4
Butt,4
Bynum,4
Connell,4
Dukes,4
Eaton,4
Edge,4
Foote,4
Fort,4
Gantt,4
Garmany,4
Gillespie,4
Gothard,4
Hay,4
Hinkle,4
Lanier,4
Leek,4
Littleton,4
Livings,4
Lockard,4
McCurry,4
McDade,4
McMath,4
McQueen,4
Montague,4
Neville,4
Parham,4
Parmer,4
Parris,4
Perdue,4
Perryman,4
Pond,4
Prescott,4
Proctor,4
Rasberry,4
Rhea,4
Roebuck,4
Roundtree,4
Sapp,4
Screws,4
Scroggins,4
Scurlock,4
Seay,4
Sherrer,4
Shomo,4
Snoddy,4
Steger,4
Sudduth,4
Upchurch,4
Whitten,4
Word,4
Amason,4
Bailes,4
Bankester,4
Bankister,4
Beck,4
Bruce,4
Bryars,4
Bussey,4
Cantrel,4
Chancellor,4
Craddock,4
Crosby,4
Dees,4
Drummond,4
Farrow,4
Godfrey,4
Gover,4
Gravatt,4
Grice,4
Grisham,4
Hails,4
Henley,4
Herbert,4
Hildreth,4
Hooper,4
Lockett,4
Lovelace,4
Marcum,4
McDougal,4
McKinnon,4
Moniac,4
Munroe,4
Myles,4
Nall,4
Peavy,4
Pippen,4
Read,4
Richerson,4
Robins,4
Rucks,4
Shepard,4
Skaggs,4
Smithson,4
Snider,4
Stacey,4
Steadham,4
Van,4
Watt,4
Weekly,4
Whited,4
Worthy,4
Yearger,4
Abercrombie,4
Abrams,4
Cameron,4
Carothers,4
Coward,4
Doughty,4
Downs,4
Ellerbe,4
Figg,4
Free,4
Gaddis,4
Gore,4
Hutchins,4
Joyner,4
Lile,4
Neil,4
Park,4
Satterwhite,4
Shanks,4
Spruill,4
Starnes,4
Striplin,4
Weston,4
Womack,4
Alderman,4
Bibb,4
Chaffin,4
Coffee,4
Crim,4
Epperson,4
Force,4
Fuqua,4
Ganey,4
Haraway,4
Lokey,4
Manasco,4
Obarr,4
Odum,4
Pyron,4
Selby,4
Stover,4
Tolbert,4
Trousdale,4
Addison,4
Bedsole,4
Boling,4
Brazelton,4
Caraway,4
Connor,4
Fielder,4
Gould,4
Liles,4
Lovett,4
Reeder,4
Ritch,4
Rouse,4
Scogin,4
Tramell,4
Wingo,4
Ayres,4
Chumney,4
Feagan,4
Hutton,4
Legg,4
Marable,4
McMillian,4
McVay,4
Randles,4
Squires,4
Stratford,4
Tubb,4
Beavers,4
Doyle,4
Guin,4
Havens,4
Hull,4
Kerr,4
Meek,4
Milner,4
Norman,4
Pirkle,4
Sampson,4
Wainright,4
Breeding,4
Bull,4
Holbrook,4
Lanford,4
Sherer,4
Sturdivant,4
Worthington,4
Belcher,4
Lenoir,4
Luckie,4
Strange,4
Warner,4
Deal,4
Duckett,4
Baines,4
Christopher,4
Crumley,4
Hitt,4
Neese,4
Caudle,4
Coffman,4
Cost,4
Dorough,4
Dowdle,4
Estep,4
Haywood,4
Lolly,4
Mathison,4
Thweatt,4
Hammet,4
Cannaday,4
Good,4
Landrum,4
Litton,4
McKey,4
Moragne,4
Morriss,4
Sides,4
Boatright,4
Clenny,4
Crysel,4
Honaker,4
Branscombe,4
Carnahan,4
Hornbarger,4
Howery,4
Pannel,4
Reader,4
Shelburn,4
Shortt,4
Sifford,4
Surface,4
Woolwine,4
Wygal,4
Combs,4
Fitzhugh,4
Harding,4
Reamy,4
Rollins,4
Crutchfield,4
Fraley,4
Harber,4
Hiatt,4
Hoover,4
Hyden,4
Jayne,4
Kilbourn,4
Kincer,4
Morefield,4
Wooliver,4
Barringer,3
Beale,3
Blanchard,3
Branch,3
Buckner,3
Chilton,3
Colquitt,3
Dearing,3
Field,3
Fry,3
Garland,3
Gist,3
Gladden,3
Hanson,3
Hardee,3
Hardeman,3
Hawes,3
Hoke,3
Kershaw,3
Lawton,3
Leadbetter,3
Lowrey,3
Mercer,3
Peck,3
Perrin,3
Quarles,3
Rodes,3
Rosser,3
Toon,3
Trimble,3
Adrian,3
Akridge,3
Aston,3
Avary,3
Bacot,3
Bagwell,3
Barefield,3
Baugh,3
Blunt,3
Bowden,3
Bowie,3
Brannen,3
Brannon,3
Braswell,3
Brice,3
Broadnax,3
Burcham,3
Burnham,3
Burson,3
Canady,3
Cardwell,3
Cargill,3
Carruth,3
Cason,3
Cast,3
Cavin,3
Chamblee,3
Chamness,3
Chaney,3
Chitwood,3
Clay,3
Cobbs,3
Cofield,3
Cooley,3
Cothran,3
Darnell,3
Dawkins,3
DeJarnette,3
Emfinger,3
Ewing,3
Farr,3
Flanagan,3
Fore,3
Gerald,3
Goolsby,3
Gorham,3
Harvill,3
Hawk,3
Hilbred,3
Hoge,3
Hovater,3
Hughs,3
Huston,3
Hutson,3
Jarrell,3
Jaynes,3
Jordon,3
Karr,3
Kay,3
Kersh,3
Killingsworth,3
Linsey,3
Madison,3
Marshal,3
McAden,3
McClure,3
McCraw,3
McElhany,3
McLamey,3
McLeroy,3
McLuney,3
McMahon,3
Meegan,3
Melvin,3
Michael,3
More,3
Mott,3
Mustin,3
Partin,3
Penley,3
Prather,3
Prestwood,3
Privett,3
Rigsby,3
Roe,3
Sartin,3
Sessions,3
Slaton,3
Smelly,3
Spiller,3
Spraggins,3
Spurgin,3
Steed,3
Steedman,3
Strawbridge,3
Studdard,3
Sullins,3
Thomason,3
Tison,3
Triplett,3
Washam,3
Weatherby,3
Weir,3
Welsh,3
Wesley,3
Woolf,3
Yates,3
Allred,3
Archibald,3
Beesley,3
Billingslea,3
Blessing,3
Bosarge,3
Boseman,3
Bottoms,3
Briley,3
Bristow,3
Broach,3
Burdine,3
Calvin,3
Carleton,3
Cato,3
Clemons,3
Coley,3
Crouch,3
Darden,3
Deavers,3
Devine,3
Donalson,3
Dykes,3
Earley,3
Eldridge,3
Ennis,3
Faulk,3
Findley,3
Galle,3
Gillbreth,3
Gresham,3
Hamrick,3
Handley,3
Hardaway,3
Harrisson,3
Hasten,3
Hattaway,3
Hefner,3
High,3
Hinds,3
Hindsman,3
Holsomback,3
Ingraham,3
Jack,3
Killen,3
Knott,3
Lampkin,3
Leatherwood,3
Leeth,3
Lynes,3
Marston,3
Maughan,3
McAnally,3
McClusky,3
McCormack,3
McCracken,3
McIver,3
McNutt,3
Mink,3
Philpot,3
Pippin,3
Prestridge,3
Register,3
Sherrill,3
Spalding,3
Spires,3
Stanton,3
Steadman,3
Suttle,3
Swearingen,3
Swindle,3
Taggart,3
Teague,3
Threadgill,3
Tidmore,3
Tinch,3
Tramel,3
Traylor,3
Upshaw,3
Vandergrift,3
Warr,3
Watley,3
Widener,3
Yancy,3
Yeldell,3
Arrington,3
Bethea,3
Bodiford,3
Bracken,3
Carrell,3
Clary,3
Cleaveland,3
Crowder,3
Dancy,3
Divine,3
Drury,3
Durman,3
Durrett,3
Fannin,3
Farrington,3
Ficklin,3
Foreman,3
Furgerson,3
Gabel,3
Gill,3
Given,3
Guillot,3
Halbrooks,3
Hayden,3
Hopson,3
Huse,3
Kane,3
Lemons,3
Lessley,3
Likens,3
Liveoak,3
Lumsden,3
Majors,3
Mangham,3
Mayhew,3
McCaskill,3
McCorkle,3
McCroskey,3
McKelvey,3
McNeal,3
Mock,3
Oates,3
Orme,3
Oslin,3
Patten,3
Prior,3
Puckett,3
Rainer,3
Rayburn,3
Red,3
Rone,3
Rux,3
Rye,3
Sorrell,3
Speer,3
Spruell,3
Suares,3
Suarez,3
Terrell,3
Terrier,3
Timmons,3
Turney,3
Tutt,3
Vines,3
Wesson,3
Whitlow,3
Wingard,3
Woodley,3
Wragg,3
Barham,3
Beam,3
Buzbee,3
Caffey,3
Canterberry,3
Clinkscales,3
Counts,3
Delchamps,3
Dexter,3
Diamond,3
Edmondson,3
Fitzgerald,3
Grubbs,3
Guild,3
Hoodenpyle,3
Jarragan,3
Jemison,3
Julian,3
Kellum,3
Kinney,3
Lovelady,3
Marquis,3
McAllaster,3
McCarter,3
McCuller,3
Parr,3
Persons,3
Sandford,3
Shipley,3
Speers,3
Spruiell,3
Summerville,3
Tapscott,3
Tribble,3
Vickery,3
Whitesides,3
Atchison,3
Bayzer,3
Bird,3
Bunch,3
Burney,3
Caddell,3
Chance,3
Daily,3
Downey,3
Dunham,3
Easley,3
Eaves,3
Fike,3
Gossett,3
Huckabee,3
Jarvis,3
Kimbell,3
Mahoney,3
Mayson,3
McAlister,3
McClerkin,3
Pellum,3
Pounders,3
Prichett,3
Surratt,3
Wilks,3
Willbanks,3
Bolt,3
Braseal,3
Carnes,3
Cates,3
Cathey,3
Cavender,3
Cowley,3
Grey,3
Henegar,3
Hogan,3
Kilcrease,3
McAdory,3
McCutchen,3
McKinley,3
Nolan,3
Peeples,3
Simons,3
Trammell,3
Tyson,3
Windsor,3
Yeatman,3
Agee,3
Askins,3
Baber,3
Blackman,3
Blanton,3
Burgamy,3
Burleson,3
Chunney,3
Griggs,3
Hartsfield,3
Hyche,3
Konkle,3
McIntyre,3
Orrell,3
Paden,3
Prewitt,3
Scroggin,3
Sharpe,3
Strong,3
Teakell,3
Turk,3
Cowling,3
Crabtree,3
Duvall,3
Felder,3
Godsey,3
Hufham,3
Langford,3
Luttrell,3
McInnis,3
Pendergrass,3
Rudd,3
Thomasson,3
Till,3
Tims,3
Bean,3
Brassell,3
Burchfield,3
Chadwick,3
Chewning,3
Currie,3
Dozier,3
Gallagher,3
Hanes,3
Hoffman,3
Kenneday,3
Letcher,3
McGowin,3
North,3
Northington,3
Rast,3
Tesny,3
Yancey,3
Argo,3
Bolten,3
Creagh,3
Crider,3
Foy,3
Harp,3
Hickey,3
Irby,3
Kirkham,3
Lipsey,3
Merchant,3
Ogletree,3
Pepper,3
Salley,3
Trawick,3
Hardcastle,3
Jacks,3
Keyes,3
Fulton,3
Gleason,3
Granberry,3
Hales,3
Kinsey,3
Newby,3
Pattison,3
Peaton,3
Teer,3
Whitted,3
Attaway,3
Blackstock,3
Crime,3
Cromer,3
Freeze,3
Meadow,3
Pigg,3
Pilkinton,3
Quattlebaum,3
Quattlebum,3
Shores,3
Starks,3
Boland,3
Cribbs,3
Friday,3
Gewin,3
Grafton,3
Habron,3
Hatcher,3
Ivens,3
Landram,3
Merriweather,3
Steelman,3
Abbercrombie,3
Ashton,3
Belton,3
Brewster,3
Brownlee,3
Bryson,3
Glasscock,3
Gooden,3
Harrelson,3
Huckaby,3
Jett,3
Leeper,3
Minyard,3
Pretchett,3
Richie,3
Tabor,3
Vardeman,3
Crusius,3
Gratton,3
Grigg,3
Houlton,3
Hudman,3
Hudmon,3
Lantin,3
Lisenby,3
Meredith,3
Merriwether,3
Monk,3
Niblett,3
Phelps,3
Ronu,3
Scaife,3
Shepphard,3
Smothers,3
Sterne,3
Stilwell,3
Tarburton,3
Barger,3
Basham,3
Beckelheimer,3
Bolen,3
Brimm,3
Buck,3
Chinault,3
Cofer,3
Deyerle,3
Douthat,3
Hardbarger,3
Harter,3
Hartsock,3
Hawley,3
Iddings,3
Journell,3
Larch,3
Largen,3
Lefler,3
Leftwich,3
Lemon,3
Linkous,3
Pease,3
Peterman,3
Silver,3
Snavely,3
Sumpter,3
Warf,3
Whitt,3
Wysor,3
Moncure,3
Neale,3
Wheelwright,3
Coakley,3
Andis,3
Bevins,3
Bloomer,3
Brickley,3
Casteel,3
Clarkston,3
Dorton,3
Egan,3
Hickam,3
Hunsucker,3
Kimberlin,3
Leedy,3
Mcelroy,3
Mckinney,3
Phipps,3
Quillen,3
Redman,3
Sturgill,3
Ashby,2
Bee,2
Capers,2
Chalmers,2
Chambliss,2
Chesnut,2
Churchill,2
Cumming,2
Deas,2
Doles,2
Forrest,2
Gracie,2
Hebert,2
Lomax,2
Mahone,2
Major,2
Marmaduke,2
Maxey,2
McCown,2
McCulloch,2
McGowan,2
McNair,2
Pemberton,2
Pettigrew,2
Roane,2
Scurry,2
Stafford,2
Toombs,2
Tracy,2
Waul,2
Wayne,2
Winder,2
Wofford,2
Allsup,2
Alvis,2
Angles,2
Appleton,2
Armstead,2
Atwood,2
Babcock,2
Banta,2
Barclay,2
Baskin,2
Baty,2
Bentow,2
Berryman,2
Birchfield,2
Bizzell,2
Blankinship,2
Boitton,2
Boley,2
Brackeen,2
Breland,2
Broiles,2
Buie,2
Burges,2
Cagle,2
Cantelon,2
Canterbury,2
Caperton,2
Carew,2
Causey,2
Chancey,2
Cheney,2
Chisholm,2
Clardy,2
Cleere,2
Colman,2
Creamer,2
Cushing,2
DeCaussey,2
Dismuke,2
Dismukes,2
Dobins,2
Douthit,2
Dover,2
Duffee,2
Duffey,2
Dyke,2
Endlow,2
Enloe,2
Evers,2
Fitz,2
Fonville,2
Formby,2
Fraser,2
Frier,2
Fryer,2
Ganus,2
Greenhill,2
Grizzle,2
Guinn,2
Haddox,2
Hallman,2
Hamby,2
Hammack,2
Hanie,2
Hany,2
Hartsell,2
Hartwell,2
Hedgement,2
Herrington,2
Hobdy,2
Hobgood,2
Holey,2
Holliman,2
Hosch,2
Hubbert,2
Huddleston,2
Huie,2
Hullum,2
Jarman,2
Jeffcoat,2
Keeble,2
Keyser,2
Kitley,2
Kolb,2
Lassiter,2
Laster,2
Lindsay,2
Linn,2
Magnam,2
Marlen,2
Martham,2
Matlock,2
McAdams,2
McCartney,2
McClesky,2
McDiarmid,2
McElhaney,2
McFerrin,2
McKleroy,2
McMillen,2
Medders,2
Meroney,2
Milan,2
Murdock,2
Newsome,2
Oder,2
Padgett,2
Parnell,2
Passmore,2
Payton,2
Peak,2
Peal,2
Pendley,2
Peoples,2
Plyler,2
Poage,2
Pouncey,2
Poythress,2
Pruit,2
Quick,2
Rainey,2
Rawls,2
Redd,2
Renfroe,2
Ricks,2
Ridgway,2
Rollin,2
Romine,2
Rudder,2
Sammons,2
Sankey,2
Sanlin,2
Schmidt,2
Shahan,2
Shehane,2
Sherbutt,2
Shockley,2
Smitsy,2
Smyley,2
Spinks,2
Steel,2
Storey,2
Stoudenmire,2
Strudwick,2
Sturgis,2
Suff,2
Taul,2
Thigpen,2
Tindle,2
Towney,2
Townley,2
Trammel,2
Tullis,2
Tymes,2
Venson,2
Vice,2
Vowell,2
Wetherly,2
Winston,2
Wolley,2
Woodfin,2
Zachrey,2
Zackery,2
Zimmerman,2
Allgood,2
Barnard,2
Barns,2
Benders,2
Bethune,2
Bland,2
Boyed,2
Brakefield,2
Brindley,2
Cockerill,2
Coggins,2
Coln,2
Cowen,2
Cravy,2
Denis,2
DeShazo,2
Duggan,2
Eatman,2
Ellisor,2
Falls,2
Farson,2
Fason,2
Faucett,2
Ferrill,2
Firth,2
Fowlkes,2
Gattis,2
Gerard,2
Gravison,2
Greenlee,2
Guice,2
Haddock,2
Hann,2
Hataway,2
Hoffmeister,2
Holden,2
Irvin,2
Keeney,2
Kellam,2
Lafever,2
Latta,2
Lightner,2
Manghan,2
Mauldin,2
McGahee,2
McGlathery,2
McGriff,2
McPhail,2
McRea,2
Miner,2
Moone,2
Moreland,2
Moreman,2
Morman,2
Morrisett,2
Nation,2
Night,2
Norvell,2
Oakley,2
Oswald,2
Packer,2
Pitman,2
Pursell,2
Ratcliffe,2
Ravesies,2
Reddick,2
Riddell,2
Rooks,2
Roulhac,2
Rush,2
Sheets,2
Sherard,2
Sherod,2
Shipp,2
Shirk,2
Shoffeitt,2
Slapp,2
Slater,2
Southern,2
Speir,2
Splawn,2
Stacks,2
Stowe,2
Suttles,2
Swearengen,2
Swely,2
Thoms,2
Tinney,2
Tittle,2
Tomlin,2
Vasser,2
Waldon,2
Warmsley,2
Westcott,2
Wicker,2
Widgeon,2
Widner,2
Wilbanks,2
Willson,2
Woodell,2
Woodson,2
Ashcraft,2
Atwell,2
Autry,2
Avant,2
Barbour,2
Birmingham,2
Blakney,2
Blythe,2
Boyt,2
Braddy,2
Bruton,2
Buckhalter,2
Burdin,2
Canaday,2
Carden,2
Carlile,2
Cartrett,2
Casalas,2
Cassady,2
Chanler,2
Cochrane,2
Colbert,2
Commyns,2
Conley,2
Corsby,2
Cutts,2
Doby,2
Drew,2
Dumas,2
Dunnam,2
Easterwood,2
Ellett,2
Enners,2
Epison,2
Fagg,2
Falconer,2
Fickling,2
Flemming,2
Fulford,2
Grier,2
Griffis,2
Gunnels,2
Hamner,2
Harlan,2
Hatter,2
Hayne,2
Helveston,2
Hennessey,2
Herren,2
Hocutt,2
Jerdon,2
Jourdan,2
Lennard,2
Lightsey,2
Lilly,2
Lummus,2
Lunsden,2
Lyman,2
McBryde,2
McBryer,2
McCorckle,2
McCormick,2
McKelvy,2
McLoud,2
McMillon,2
Milton,2
Milwee,2
Mints,2
Morrisette,2
Mosby,2
Mosier,2
Nolly,2
Nuffer,2
Philipps,2
Pittard,2
Pittcock,2
Province,2
Revel,2
Ribet,2
Royer,2
Runyan,2
Sanks,2
Schooler,2
Shawver,2
Sherill,2
Smitherman,2
Starkey,2
Stayner,2
Stillwell,2
Stout,2
Suggs,2
Surginer,2
Tant,2
Tarwater,2
Towns,2
Twilley,2
Vass,2
Vess,2
Vesterling,2
Vick,2
Voltz,2
Wainsright,2
Wilbourn,2
Wolf,2
Blann,2
Bolding,2
Bray,2
Briscoe,2
Bruner,2
Cantrell,2
Cawley,2
Chavis,2
Coruthers,2
Deupree,2
Doherty,2
Dyer,2
Easterling,2
Espy,2
Feemster,2
Fife,2
Fite,2
Flint,2
Flynt,2
Furnell,2
Gavin,2
Haigood,2
Hand,2
Hillman,2
Hinckle,2
Honey,2
Idom,2
Kilgo,2
Kitchens,2
Kivett,2
LeBruce,2
Lenoard,2
Lieuallen,2
Loftin,2
Longmire,2
Lyde,2
Mayes,2
McAnear,2
McCafferty,2
McCann,2
McEachin,2
McLemore,2
Middlebrook,2
Moncrief,2
Monette,2
Mullens,2
Murphree,2
Needham,2
Peteet,2
Plummer,2
Pullen,2
Ragan,2
Raney,2
Raper,2
Redding,2
Reddish,2
Ritchie,2
Roland,2
Rowlin,2
Rudulph,2
Sanderford,2
Sherrod,2
Sills,2
Silvertooth,2
Slade,2
Spann,2
Speake,2
Stansell,2
Starr,2
Studivant,2
Tait,2
Tankersley,2
Tanton,2
Truitt,2
Tunstill,2
Whitehurst,2
Woolridge,2
Bairfield,2
Baisden,2
Belser,2
Bittle,2
Boler,2
Coe,2
Conklin,2
Denby,2
Eady,2
Eppison,2
Fergison,2
Funderburg,2
Gamblin,2
Gass,2
Gillchrist,2
Hazlewood,2
Howlett,2
Huges,2
Huison,2
Jorden,2
June,2
Keel,2
Kersey,2
Lann,2
Lapsley,2
Ligon,2
Manaco,2
Mancill,2
McBee,2
McClurkin,2
McCullar,2
McDougall,2
McLane,2
McSwain,2
Mellinger,2
Millstead,2
Milsted,2
Mincher,2
Myniard,2
Ozley,2
Parten,2
Paschal,2
Ragsdale,2
Rickard,2
Rickles,2
Rikard,2
Royal,2
Rusk,2
Sarter,2
Seal,2
Sholar,2
Shook,2
Solley,2
Solly,2
Standfield,2
Sweeney,2
Towery,2
Warwick,2
Weathers,2
Whitmore,2
Wigington,2
Winchester,2
Wren,2
Bendall,2
Biddle,2
Bloxam,2
Brassfield,2
Burge,2
Buttler,2
Bythewood,2
Cauthorn,2
Clemmons,2
Cothron,2
Criss,2
Dubois,2
Eastment,2
Evins,2
Faries,2
Farrish,2
Feltz,2
Fielding,2
Frank,2
Fretwell,2
Gaither,2
Gaston,2
Goff,2
Hilliard,2
Hogue,2
Holsenback,2
Judah,2
Keener,2
Kennemore,2
Latner,2
Legrone,2
Linder,2
McCarthy,2
McClelen,2
McConico,2
Munn,2
Nabers,2
Oglesby,2
Overstreet,2
Person,2
Purifoy,2
Repsher,2
Setzler,2
Shipman,2
Stillings,2
Tompson,2
Upton,2
Vineyard,2
Wagner,2
Wier,2
Wombley,2
Ayers,2
Beaver,2
Boddie,2
Braughton,2
Brazier,2
Burgin,2
Busbee,2
Clure,2
Edgil,2
Everett,2
Ezelle,2
Forehand,2
Goss,2
Granger,2
Halbert,2
Higley,2
Lain,2
Maness,2
McEachern,2
McKissick,2
Miree,2
Northern,2
O`Bryant,2
Randal,2
Randle,2
Reives,2
Robuck,2
Ruff,2
Ruffin,2
Ryals,2
Rylant,2
Sampley,2
Shearer,2
Sindlinger,2
Smee,2
Southward,2
Stacy,2
Stockton,2
Strawn,2
Swords,2
Tharpe,2
Weeden,2
Worrel,2
Akins,2
Allman,2
Bearden,2
Call,2
Carl,2
Cornelison,2
Daw,2
Dingler,2
Elder,2
Ezzell,2
Flynn,2
Goodloe,2
Grumble,2
Halder,2
Harney,2
Hearn,2
Higdon,2
Hobby,2
Hollman,2
Lakey,2
Lany,2
Leach,2
Lightfoot,2
Loggins,2
Lucy,2
Maynard,2
McClamy,2
McRight,2
Pulliam,2
Raiborn,2
Rand,2
Raoul,2
Rinehart,2
Russel,2
Seymour,2
Slay,2
Tayler,2
Voss,2
Wainwright,2
Wilf,2
Willard,2
Bazzle,2
Cambell,2
Carwile,2
Culver,2
Donleson,2
Elsberry,2
Flippo,2
Forniss,2
Forrester,2
Goodwyn,2
Harbor,2
Hartgrove,2
Holyfield,2
Hoyt,2
Jewell,2
Jolihaw,2
Judkins,2
Kavanaugh,2
Kendall,2
Luke,2
McCrary,2
McLauchlin,2
McLauglin,2
McVale,2
Mullin,2
Odeneal,2
Patillo,2
Peacock,2
Pinkard,2
Poiddy,2
Post,2
Rourke,2
Sartain,2
Sherwood,2
Speegle,2
Stanfill,2
Suddoth,2
Trigg,2
Winds,2
Ballon,2
Baxley,2
Bigger,2
Boyett,2
Byrns,2
Calahan,2
Calley,2
Cammack,2
Chatman,2
Chivers,2
Dale,2
Fennell,2
Goggans,2
Gwynn,2
Haltom,2
Hanberry,2
Harkins,2
Hasselvander,2
Hodo,2
Holladay,2
Humble,2
Kean,2
McClosky,2
McCulley,2
Merrell,2
Mitcham,2
Moberly,2
Monday,2
Mynatt,2
Newell,2
Prude,2
Railey,2
Roberds,2
Singletary,2
Southwood,2
Stamps,2
Stonment,2
Strapp,2
Swink,2
Tolen,2
Tunstall,2
Utsey,2
Valentine,2
Cauthen,2
David,2
Files,2
Heathcock,2
Lockmiller,2
McElyea,2
Reach,2
Stinnett,2
Tibbs,2
Adkinson,2
Altman,2
Ausburn,2
Averett,2
Beal,2
Broadhead,2
Cater,2
Copley,2
Croom,2
Dearman,2
Dicks,2
Dougherty,2
Eskridge,2
Fluker,2
Fortune,2
Furguson,2
Gallamore,2
Gerrard,2
Gilder,2
Goin,2
Hamiter,2
Handy,2
Harrel,2
Hurt,2
Jinkins,2
Jonakin,2
Knighten,2
Lake,2
Larkin,2
Leverett,2
Mahon,2
Monett,2
O`Hara,2
Rider,2
Roads,2
Staggs,2
Tarry,2
Tew,2
Thrash,2
Willett,2
Winders,2
Wyers,2
Abel,2
Bagby,2
Bigbee,2
Boaz,2
Butterworth,2
Coldwell,2
Crane,2
Crowson,2
Driskill,2
Ferrington,2
Fullenwider,2
Fulmer,2
Gaylor,2
Hams,2
Harmon,2
Herrin,2
Hit,2
Limbaugh,2
Lonergan,2
Longcrier,2
Machen,2
Madden,2
Strasner,2
Swope,2
Trussell,2
Warlick,2
Apperson,2
Bagley,2
Beardding,2
Bridwell,2
Burdishaw,2
Culp,2
Dannelly,2
Decker,2
Dillashaw,2
Doigg,2
Donaghey,2
Elam,2
Frasier,2
Hammett,2
Hartly,2
Hobron,2
Igon,2
Kinerd,2
Mafrey,2
Massingale,2
Merewither,2
Mers,2
Parish,2
Partain,2
Rhone,2
Ried,2
Stivender,2
Trott,2
Varnon,2
Wilds,2
Acuff,2
Alsop,2
Awbrey,2
Betts,2
Bibby,2
Braden,2
Brasswell,2
Brewton,2
Brickhouse,2
Brothers,2
Bruster,2
Chany,2
Cheatwood,2
Clowson,2
Cuningham,2
Dickie,2
Ezekiel,2
Fortenbury,2
Howel,2
Huneycutt,2
Keeling,2
League,2
Lett,2
Macon,2
McBrier,2
Mccarty,2
McNeeley,2
Mead,2
Millican,2
Milum,2
Oberndorf,2
Pitchford,2
Plexco,2
Plowman,2
Ramsy,2
Rawlain,2
Riser,2
Sharitt,2
Turnley,2
Varnum,2
Woolsey,2
Wyly,2
Beshears,2
Brinson,2
Dorris,2
Forbus,2
Gafford,2
Gillian,2
Hatchett,2
Hix,2
Huguley,2
Hurlong,2
Hutcherson,2
Keiffe,2
Knowls,2
Lockart,2
Mansel,2
Maull,2
Norden,2
Raborn,2
Rackley,2
Roemer,2
Rushton,2
Snell,2
Snellgrove,2
Spivy,2
Tarbutton,2
Tomme,2
Viard,2
Whidden,2
Whiddon,2
Wigley,2
Abbott,2
Altizer,2
Ballinger,2
Bartlett,2
Bear,2
Brookman,2
Broomfield,2
Calfee,2
Carper,2
Castle,2
Chafin,2
Chumbley,2
Cronk,2
Damewood,2
Dangerfield,2
Dillon,2
Earles,2
Fink,2
Fizer,2
Fleeman,2
Gearhart,2
Gearheart,2
Gillenwater,2
Goings,2
Hash,2
Haymaker,2
Headen,2
Hite,2
Hoback,2
Houchins,2
Hungate,2
Kefauver,2
Keister,2
Kennett,2
Kessler,2
Kindrick,2
Kingrea,2
Kinser,2
Kitterman,2
Lark,2
Leffew,2
Linkis,2
Mcguyer,2
Millersons,2
Moles,2
Nester,2
Plunkett,2
Rakes,2
Redmon,2
Ritter,2
Saint,2
Sessler,2
Shufflebarger,2
Siner,2
Stump,2
Tice,2
Trout,2
Viar,2
Wemmer,2
Whitsel,2
Wimmer,2
Wingfield,2
Worsham,2
Yearout,2
Clift,2
Hausborough,2
Broaddus,2
Battaile,2
Burruss,2
Callis,2
Cash,2
Gwathmey,2
Jesse,2
Sale,2
Temple,2
Waite,2
Chowning,2
Gouldin,2
Gouldman,2
Mckenny,2
Spilman,2
Beane,2
Leland,2
Lyell,2
Mcclanahan,2
Sydnor,2
Dishman,2
Layton,2
Waring,2
Featherstone,2
Rawlett,2
Henshaw,2
Absher,2
Addington,2
Bowlen,2
Brumitt,2
Byington,2
Cleek,2
Coomer,2
Daughtery,2
Eagle,2
Edens,2
Emmert,2
Fannan,2
Francisco,2
Gillenwaters,2
Gollahon,2
Gott,2
Graybill,2
Grubb,2
Haburn,2
Herald,2
Joseph,2
Lumkins,2
Mcclure,2
Mcgahey,2
Mcqueen,2
Milbourn,2
Minick,2
Nappier,2
Noell,2
Pridemore,2
Sergeant,2
Tanksley,2
Testerman,2
Umbarger,2
Walling,2
Wampler,2
Armistead,1
Barry,1
Bate,1
Beauregard,1
Benning,1
Bratton,1
Breckinridge,1
Brevard,1
Browne,1
Cabell,1
Cantey,1
Cleburne,1
Clingman,1
Cocke,1
Colston,1
Corse,1
Deshler,1
Dibrell,1
Donelson,1
Drayton,1
Dunovant,1
Ector,1
Elzey,1
Ewell,1
Fagan,1
Featherston,1
Finegan,1
Fiser,1
Gano,1
Gartrell,1
Gholson,1
Girardey,1
Goggin,1
Gorgas,1
Govan,1
Granbury,1
Heth,1
Hindman,1
Holtzclaw,1
Huger,1
Humes,1
Hunton,1
Imboden,1
Iverson,1
Kemper,1
Leventhorpe,1
Liddell,1
Lilley,1
Longstreet,1
Loring,1
Mackall,1
MacRae,1
Magruder,1
Maney,1
Manigault,1
Maury,1
McCausland,1
McComb,1
McLaws,1
Mouton,1
Nicholls,1
Northrop,1
Paxton,1
Pegram,1
Pender,1
Pillow,1
Ramseur,1
Ripley,1
Ruggles,1
Sears,1
Semmes,1
Shoup,1
Slack,1
Sorrel,1
Steuart,1
Strahl,1
Tappan,1
Terrill,1
Tilghman,1
Trapier,1
Twiggs,1
Van Doorn,1
Villepigue,1
Walthour,1
Waterhouse,1
Watie,1
Weisiger,1
Wigfall,1
Wilcox,1
Withers,1
Zollicoffer,1
Ackerage,1
Aderhold,1
Alick,1
Alman,1
Almon,1
Alredge,1
Anthana,1
Armer,1
Ary,1
Ashbee,1
Ashmore,1
Athana,1
Baccus,1
Balden,1
Baldy,1
Bankston,1
Barrington,1
Battiste,1
Batts,1
Batty,1
Bayenwood,1
Beardon,1
Bennet,1
Benyan,1
Bimson,1
Binns,1
Biss,1
Blackbourne,1
Blackshire,1
Bolden,1
Booger,1
Booser,1
Bowe,1
Bradham,1
Bram,1
Branan,1
Branen,1
Braunner,1
Brisentine,1
Brisk,1
Bronson,1
Brundidge,1
Bues,1
Bundrick,1
Burdett,1
Burger,1
Busba,1
Byces,1
Byrum,1
Cadenhead,1
Cadwell,1
Caffy,1
Cahoon,1
Cambron,1
Carman,1
Carnley,1
Certain,1
Chambless,1
Chancy,1
Chang,1
Childerson,1
Cochrin,1
Cockrum,1
Coleson,1
Colson,1
Comer,1
Cooksey,1
Coursey,1
Cowden,1
Cracker,1
Crownover,1
Curl,1
Cushion,1
Daley,1
Damon,1
Dannelley,1
Darmer,1
Daughety,1
Delbridge,1
Dement,1
Deraned,1
Dewees,1
Digs,1
Dinsmon,1
Ditto,1
Divane,1
Dixson,1
Donegan,1
Donivan,1
Dorse,1
Downman,1
Dowthil,1
Drakeford,1
Dreggers,1
Dukeminter,1
Dunahoo,1
Dunkins,1
Edgley,1
Elledge,1
Ellenwood,1
Emmerson,1
Enfinger,1
Estis,1
Faerdling,1
Farney,1
Farrer,1
Felton,1
Fergason,1
Finck,1
Finnell,1
Flake,1
Flanagin,1
Flanigan,1
Fondren,1
Foshee,1
Fournier,1
Frasher,1
Frisbee,1
Gaddie,1
Gargis,1
Gasaway,1
Gearing,1
Gelzer,1
Gevyn,1
Gillett,1
Gladdis,1
Gleaton,1
Godre,1
Golsan,1
Golsen,1
Goodin,1
Graci,1
Gretton,1
Groce,1
Groover,1
Gryse,1
Hadox,1
Halaway,1
Halladay,1
Hallimon,1
Halloway,1
Handerson,1
Hank,1
Hanners,1
Hanston,1
Hardgrove,1
Harrist,1
Harten,1
Harwille,1
Hearin,1
Hefley,1
Heggood,1
Hendrickson,1
Hidgepeth,1
Hogers,1
Holinsworth,1
Holloday,1
Honea,1
Honia,1
Hooter,1
Hosmer,1
Houk,1
Hoyer,1
Hucheson,1
Huckelby,1
Huffstutter,1
Hugely,1
Hulett,1
Husband,1
Iatvon,1
Inggrahn,1
Inglis,1
Japlin,1
Jarrad,1
Jarrold,1
Jaton,1
Jinkens,1
Joned,1
Joplin,1
Jourden,1
Keenam,1
Keenan,1
Kerley,1
Kervin,1
Kinght,1
Kirbee,1
Kirvin,1
Kiser,1
Kornegay,1
LaFitte,1
Lambeth,1
Lamon,1
Lanond,1
Larkins,1
LaTaste,1
Lathem,1
Lazarus,1
Leilley,1
Leon,1
Letford,1
Linom,1
Lisle,1
Lochmand,1
Lochmund,1
Lockmond,1
Lohmund,1
Lomenick,1
Lorrance,1
Lundlum,1
Lycurgus,1
Magee,1
Malhaney,1
Malhoney,1
Maloy,1
Maroble,1
Mathess,1
McCallum,1
McCarquadale,1
McClelland,1
McCling,1
McClinney,1
McCluny,1
McCorquodale,1
McCowen,1
McDad,1
McElhanie,1
McFaden,1
McHenry,1
McKenney,1
McKinzey,1
McKleduff,1
McLaney,1
McLeany,1
McMicken,1
McMickin,1
McMickins,1
McQuaig,1
McQueene,1
McReney,1
Megse,1
Merchants,1
Micah,1
Michail,1
Miellady,1
Miers,1
Mikell,1
Miley,1
Mimont,1
Mitchum,1
Morring,1
Mosen,1
Mount,1
Murphrie,1
Murrah,1
Muston,1
Myrach,1
NcKnight,1
NeSmith,1
Newbold,1
Noblin,1
Northent,1
Ogle,1
Omalue,1
Padget,1
Pain,1
Parcus,1
Parson,1
Peage,1
Pearsom,1
Peek,1
Peeler,1
Peppen,1
Petit,1
Philen,1
Pitcock,1
Poague,1
Ponders,1
Porthress,1
Praytor,1
Ptolmy,1
Ptomey,1
Pybus,1
Pylant,1
Pyle,1
Quinney,1
Raglin,1
Rasco,1
Rather,1
Ratin,1
Rerryison,1
Retherford,1
Rhines,1
Rials,1
Rideway,1
Right,1
Robberts,1
Robbinson,1
Robinsin,1
Rolen,1
Roswell,1
Rousseau,1
Royall,1
Rozelle,1
Rutland,1
Sanderfer,1
Sawier,1
Seamans,1
Seymore,1
Shears,1
Sheppherd,1
Shork,1
Shuggers,1
Shurbutt,1
Singley,1
Sistrink,1
Sistrunk,1
Skillman,1
Smedley,1
Smidt,1
Snoden,1
Snowdown,1
Spear,1
Spergen,1
Spigner,1
Spruce,1
Stakes,1
Stalnaker,1
Steenson,1
Stell,1
Stern,1
Stogenes,1
Stogner,1
Stoll,1
Stoudemire,1
Sturker,1
Sturkie,1
Sullens,1
Summer,1
Summerlin,1
Surls,1
Swanson,1
Swarengen,1
Swelf,1
Tamplin,1
Taunton,1
Thatcher,1
Thirlkill,1
Thornell,1
Thornington,1
Tollison,1
Torrence,1
Veal,1
Venon,1
Waid,1
Wammack,1
Wards,1
Warrin,1
Warring,1
Wasden,1
Washer,1
Weathebee,1
Weemes,1
Weisinger,1
Wert,1
Whismant,1
Whiston,1
Whitstone,1
Wilburn,1
Wilcoxan,1
Wilford,1
Winbaum,1
Winters,1
Wisinger,1
Wollie,1
Woolbright,1
World,1
Worten,1
Zitterow,1
Abill,1
Abner,1
Acock,1
Adorine,1
Ainsmith,1
Allum,1
Alverman,1
Anderton,1
Attoway,1
Aulford,1
Bancroft,1
Barnwall,1
Battels,1
Beauchamp,1
Bickley,1
Bigham,1
Bill,1
Billinglea,1
Birchett,1
Blassengame,1
Bone,1
Bonlo,1
Boston,1
Bouchellon,1
Bough,1
Boulo,1
Boundes,1
Braselton,1
Bressingham,1
Bugby,1
Buitt,1
Burden,1
Burdette,1
Cambier,1
Caroll,1
Caskey,1
Castleman,1
Charley,1
Childree,1
Clausen,1
Clowdus,1
Coffe,1
Condean,1
Conn,1
Connathon,1
Cotten,1
Covert,1
Criutt,1
Crockett,1
Cromilin,1
Cruitt,1
Cultheath,1
Culwell,1
Cumby,1
Czarnouski,1
Danley,1
Davant,1
Deering,1
DeLoche,1
Dillbone,1
Dooh,1
Dosster,1
Dreading,1
Durett,1
Dwyer,1
Easter,1
Eddings,1
Ensley,1
Fable,1
Falkner,1
Farnell,1
Farrell,1
Favor,1
Fays,1
Ferrall,1
Filyaugh,1
Finleyson,1
Fitch,1
Flatt,1
Fuhrman,1
Gallaspie,1
Gannany,1
Garett,1
Garmony,1
Garraway,1
Gilham,1
Gilla,1
Goen,1
Goodrich,1
Gordson,1
Gormany,1
Gradick,1
Graveson,1
Gravlee,1
Grissett,1
Grissop,1
Guerwardu,1
Hallett,1
Hartevill,1
Hartin,1
Harton,1
Heiter,1
Herrod,1
Hickson,1
Hidgon,1
Hixon,1
Holliway,1
Homey,1
Honeyent,1
Hubbell,1
Huffstutler,1
Hugonin,1
Hunicutt,1
Hunneycutt,1
Ireland,1
Jarnagan,1
Kerns,1
Killiam,1
Killingworth,1
Killisworth,1
Koonce,1
Lackamy,1
Langshore,1
Laningham,1
Lary,1
Lauereudine,1
Laundrum,1
Lemly,1
Lemuel,1
Lequire,1
Lockamy,1
Lockey,1
Lodge,1
Longshore,1
Lyae,1
MaCanal,1
Man,1
Maning,1
Martan,1
McCauley,1
McClinton,1
McCook,1
McCoulsky,1
McCravey,1
McCrory,1
McDuffery,1
McFerren,1
McGiffert,1
McGiffort,1
McGilvary,1
McGrada,1
McKeehan,1
McLelland,1
McQuin,1
McTye,1
McWaters,1
Millsaps,1
Minge,1
Mooring,1
Moorman,1
Morisette,1
Mortimore,1
Mulkey,1
Myres,1
Myrick,1
Napier,1
Narramore,1
Nealy,1
Neeley,1
Netters,1
Newsom,1
O`Guynn,1
O`Gwynn,1
Orso,1
Otwell,1
Paget,1
Pattie,1
Paylor,1
Pelt,1
Phillinghame,1
Picketts,1
Plemmons,1
Popwell,1
Potter,1
Powe,1
Priutt,1
Ragsdell,1
Rain,1
Ramsay,1
Raulhack,1
Rener,1
Renno,1
Reves,1
Robards,1
Roton,1
Rowan,1
Rupell,1
Safen,1
Salmons,1
Scanlan,1
Scanlin,1
Schockley,1
Scot,1
Secrest,1
Sellars,1
Shannon,1
Sherner,1
Sherrell,1
Sherror,1
Sherrow,1
Shlawson,1
Shlawson/Splawn,1
Shortridge,1
Simmonin,1
Simmson,1
Simonin,1
Sinquefield,1
Slatter,1
Smilie,1
Snellings,1
Souther,1
Spellings,1
Springer,1
Stables,1
Standsvill,1
Starns,1
Sterling,1
Stiles,1
Stocks,1
Strozier,1
Strudivick,1
Stutt,1
Stutts,1
Sumeral,1
Swanes,1
Swanses,1
Swindel,1
Tankesley,1
Tedwell,1
Tenney,1
Terrentine,1
Themers,1
Thorp,1
Tillotson,1
Tindel,1
Towers,1
Trewhitt,1
Trippe,1
Truffy,1
Turbeville,1
Twittenat,1
Unger,1
Uniacke,1
Valeman,1
Vanderslice,1
Verser,1
Waldo,1
Wamesley,1
Warrock,1
Welson,1
Wentzel,1
Wester,1
Whitson,1
Winfield,1
Witherspoon,1
Woodcock,1
Wrenn,1
Wyeres,1
Yeilding,1
Yowler,1
Zeigla,1
Addams,1
Ambercrombie,1
Antery,1
Antone,1
Austill,1
Auten,1
Auton,1
Awtry,1
Aycock,1
Balard,1
Barbins,1
Barkley,1
Baughman,1
Beazley,1
Beechum,1
Blakey,1
Blir,1
Boen,1
Bonifay,1
Brasfield,1
Bristol,1
Broddy,1
Brummit,1
Bunnell,1
Burchem,1
Burkhalter,1
Burkhatler,1
Burnell,1
Bussy,1
Callier,1
Camber,1
Canant,1
Cane,1
Cantrill,1
Caots,1
Cartlidge,1
Caske,1
Channel,1
Chappin,1
Chastain,1
Chiles,1
Coffin,1
Conant,1
Connelly,1
Coodey,1
Coody,1
Cothren,1
Coulson,1
Courson,1
Couslon,1
Croker,1
Cullins,1
Curlee,1
Curnett,1
Danbridge,1
Dempsey,1
Denmon,1
Dernant,1
Dilbeck,1
Doty,1
Duffie,1
Duma,1
DuVal,1
Edgeworth,1
Ellard,1
Faver,1
Fergueson,1
Ferris,1
Finniegan,1
Firestone,1
Fischer,1
Flaherty,1
Floukes,1
Flowors,1
Folk,1
Foller,1
Fooler,1
Forman,1
Fuggle,1
Furgeson,1
Furgueson,1
Gallatte,1
Gambrel,1
Garison,1
Garron,1
Gaskins,1
Gellcres,1
Giddeon,1
Gilbreth,1
Gipson,1
Glawson,1
Goodgame,1
Graydon,1
Grizzard,1
Guard,1
Gullett,1
Gurad,1
Gwin,1
Gwyn,1
Hadley,1
Hagen,1
Hailey,1
Hair,1
Hankins,1
Hankum,1
Hardman,1
Harvel,1
Hastie,1
Hatten,1
Heedley,1
Hemphill,1
Herandez,1
Herlong,1
Higginbothom,1
Hiller,1
Hillveston,1
Hockensmith,1
Hoggue,1
Holbrooks,1
Hollinger,1
Holloman,1
Hollowell,1
Houie,1
Huen,1
Hugh,1
Hustad,1
Infinger,1
Job,1
Josey,1
Jourdain,1
Keahey,1
Keck,1
Kenner,1
Killom,1
Kinbrell,1
Landley,1
Langly,1
Lanie,1
Laskey,1
Laurence,1
Leath,1
Leavins,1
Ledford,1
Letlow,1
Levell,1
Littel,1
Lockhardt,1
Logen,1
Lollor,1
Loril,1
Lovejoy,1
Luckey,1
Mabrey,1
Mack,1
Maddux,1
Mancil,1
Marten,1
Massengale,1
Mayton,1
McBrayer,1
McCannon,1
McClerken,1
McClintock,1
McClister,1
McColvey,1
McComic,1
McConetha,1
McCorley,1
McCormac,1
McCormic,1
McCrokle,1
McEwen,1
McGaughgry,1
McHudson,1
McIiyea,1
McKerrell,1
McKoy,1
McQuagge,1
McSwean,1
McTyiere,1
Medlin,1
Mendenhall,1
Milliner,1
Milstid,1
Mince,1
Mosteller,1
Moxley,1
Moye,1
Nccykkicg,1
Neela,1
Nimmo,1
O`Niel,1
Olliver,1
Oster,1
Pair,1
Parazina,1
Parazini,1
Parmler,1
Parmole,1
Peagler,1
Pearse,1
Penick,1
Peterkin,1
Pipken,1
Pitard,1
Popw,1
Porata,1
Raineo,1
Ralls,1
Reagan,1
Reavis,1
Rector,1
Rickets,1
Rickett,1
Rodan,1
Ryanhaart,1
Saxton,1
Sego,1
Sellors,1
Sentel,1
Sentell,1
Senterfit,1
Shamberger,1
Shearrerd,1
Sheh,1
Shehorn,1
Sherrard,1
Simmons/Sunmons,1
Sirles,1
Sively,1
Smock,1
Spar,1
Speck,1
Speltz,1
Spiva,1
Spivia,1
Sprotts,1
Stansberry,1
Star,1
Starkes,1
Stearnes,1
Stearns,1
Stigall,1
Storter,1
Strahan,1
Strickley,1
Sugg,1
Swarm,1
Talbert,1
Talbut,1
Teniston,1
Tevilley,1
Thaxton,1
Thorpe,1
Tignor,1
Tiner,1
Titton,1
Trull,1
Tyrone,1
Valtz,1
Videl,1
Whidbee,1
Whitall,1
Whitbee,1
Wilbourne,1
Wiltes,1
Wiltse,1
Winkles,1
Wittsie,1
Woolum,1
Yumm,1
Able,1
Aikens,1
Atwater,1
Auchwratz,1
Autery,1
Avent,1
Bains,1
Bayne,1
Beams,1
Beem,1
Biggs,1
Binn,1
Blakeny,1
Blocker,1
Bonchelli,1
Buler,1
Bulger,1
Burnam,1
Burnum,1
Calery,1
Canfield,1
Castley,1
Cather,1
Catts,1
Charltin,1
Choat,1
Cirswell,1
Clench,1
Clifford,1
Coble,1
Cockerel,1
Coil,1
Conroy,1
Corcoran,1
Corcoron,1
Cork,1
Corvin,1
Criswell,1
Croin,1
Crossland,1
Crossley,1
Cryer,1
Cumberland,1
Cumings,1
Cupp,1
Damer,1
Dancer,1
Daughtey,1
Dauherty,1
Delchamp,1
Demmick,1
Denick,1
Dennell,1
Dimond,1
Donahoo,1
Dortch,1
Dotch,1
Dottch,1
Draughan,1
Dulany,1
Elerbee,1
Ellerby,1
Erving,1
Fairley,1
Fairly,1
Fant,1
Filkins,1
Flock,1
Gallaher,1
Galyon,1
Going,1
Goldsby,1
Goolesby,1
Goree,1
Grantland,1
Gurbbs,1
Haigler,1
Hanner,1
Harbarin,1
Hardison,1
Harvy,1
Hately,1
Healy,1
Heaton,1
Hedgpeth,1
Heifner,1
Helwig,1
Heriford,1
Hickcox,1
Hickox,1
Hicox,1
Higgs,1
Hilman,1
Hoard,1
Hobb,1
Hoberson,1
Hoble,1
Houseman,1
Hoxter,1
Hoy,1
Hutcheson,1
Hutchinn,1
Ilsham,1
Inge,1
Johnsey,1
Joslin,1
Judon,1
Kearns,1
Keating,1
Keeler,1
Kelny,1
Kenada,1
Kenida,1
Kernes,1
Kinto,1
Kline,1
Kohler,1
Koon,1
Krans,1
Landford,1
Languire,1
Lanly,1
Lapscot,1
Lay,1
Leerens,1
Levins,1
Levy,1
Link,1
Longshaw,1
Lonis,1
Lowellen,1
Luther,1
Lypsey,1
Mackalwayne,1
Maharrey,1
Maharry,1
Maiston,1
Mallett,1
Manner,1
Markee,1
Marlow,1
McCaleb,1
McCarhty,1
McCondiche,1
McCondikee,1
McConty,1
McCullom,1
McEathern,1
McGaha,1
McGahe,1
McLowell,1
McNeill,1
McShan,1
McGarvey,1
Merriman,1
Middlebrooke,1
Milsteing,1
Mirkle,1
Murden,1
Napp,1
Neill,1
Northam,1
Nowlen,1
Oldes,1
Orman,1
Pack,1
Pegnis,1
Perrins,1
Pharr,1
Philport,1
Pouncy,1
Priddy,1
Pridgen,1
Prim,1
Punstill,1
Putnam,1
Raifield,1
Reatcliff,1
Reddings,1
Rhew,1
Rhoden,1
Riera,1
Rosvi,1
Rowin,1
Rowlan,1
Rudersell,1
Rundersell,1
Ruse,1
Russle,1
Salterwhite,1
Sawnderson,1
Scheneck,1
Schoggins,1
Segener,1
Segneer,1
Senn,1
Seymer,1
Sheldon,1
Shelnutt,1
Sherbert,1
Shikle,1
Shirey,1
Slate,1
Slawson,1
Sneede,1
Speegee,1
Spradlin,1
Startling,1
Steain,1
Stradford,1
Stripling,1
Strom,1
Strother,1
Swafford,1
Tabb,1
Tabscott,1
Tacket,1
Thomptson,1
Timbs,1
Tingle,1
Tommie,1
Tourart,1
Turvaville,1
Vandever,1
Vanney,1
Vaun,1
Vinzant,1
Waugh,1
Wetmore,1
Whaley,1
Whigham,1
Whisannant,1
Whisenout,1
Whisonant,1
Whorten,1
Wightman,1
Wooldridge,1
Worsom,1
Wylie,1
Wynne,1
Yow,1
Adny,1
Albritton,1
Alverson,1
Anglin,1
Angling,1
Ardis,1
Augling,1
Barret,1
Bateman,1
Bathwell,1
Bayles,1
Beadlescobm,1
Beeland,1
Beland,1
Benefield,1
Benifield,1
Billings,1
Blockman,1
Boatwright,1
Bomar,1
Bonden,1
Bouler,1
Brakeen,1
Branion,1
Brauner,1
Brigham,1
Brodrick,1
Brower,1
Bryaon,1
Buice,1
Burkett,1
Burrow,1
Busbin,1
Byron,1
Calaway,1
Careathers,1
Cargal,1
Cargile,1
Cassell,1
Christmas,1
Clemit,1
Cooker,1
Corsbie,1
Crain,1
Daughdrill,1
Daughdrin,1
Deen,1
Deerman,1
Demint,1
DeVan,1
Devaney,1
Devraux,1
Dingman,1
Direck,1
Dison,1
Doler,1
Donn,1
Drurry,1
Dutton,1
Eheridge,1
Elias,1
Eliot,1
Fenel,1
Fennel,1
Feogin,1
Flannagan,1
Foman,1
Froter,1
Goldworth,1
Gosdin,1
Grgigsby,1
Gullerd,1
Gullivor,1
Hacker,1
Hail,1
Hatlin,1
Heap,1
Hendley,1
Hendrich,1
Hilburn,1
Hipps,1
Hitto,1
Holbert,1
Hoomes,1
Hornsby,1
Hovarter,1
Humphrees,1
Humphres,1
Ingo,1
Jelks,1
Journigan,1
Kenney,1
Kimble,1
Kingsley,1
Kinsolvin,1
Kirklin,1
Knard,1
Kring,1
Langham,1
Laurens,1
Leadbedder,1
London,1
Loony,1
Loosier,1
Lousier,1
Lowers,1
Mabin,1
Martindale,1
Mask,1
Maybin,1
Mayhall,1
McAnnally,1
McBrior,1
McCaig,1
McCollom,1
McConatha,1
McConathey,1
McConathy,1
McHugh,1
McKernan,1
McMeans,1
Meshow,1
Millsteed,1
Milstead,1
Mist,1
Parkhill,1
Parton,1
Patman,1
Penaer,1
Perrinot,1
Petree,1
Pevie,1
Phallice,1
Pickard,1
Pickle,1
Piggot,1
Pinkerton,1
Printis,1
Privitt,1
Raigley,1
Rash,1
Rasher,1
Ropper,1
Rouark,1
Rowark,1
Royster,1
Salinger,1
Scirratt,1
Scogins,1
Seamore,1
Searcy,1
Segars,1
Selley,1
Sesser,1
Shaws,1
Sherrel,1
Shoebert,1
Shoots,1
Shubert,1
Shuptime,1
Sigford,1
Somerford,1
Son,1
Sow,1
Spier,1
Spooner,1
Sprewell,1
Stapler,1
Stenson,1
Steward,1
Sunday,1
Swiney,1
Tarpley,1
Tayloe,1
Tedford,1
Thornsby,1
Traweek,1
Tronsdale,1
Truesdale,1
Tyner,1
Varnell,1
Veale,1
Waldress,1
Waterson,1
Weatherbee,1
Whealer,1
Whearley,1
Wherley,1
Whittich,1
Whitton,1
Wilborn,1
Wildenan,1
Wildman,1
Womble,1
Woosley,1
Worthen,1
Woulbright,1
Zallar,1
Aday,1
Alend,1
Armour,1
Artery,1
Artrey,1
Auston,1
Bagerly,1
Ballew,1
Batchelor,1
Biggar,1
Bohon,1
Bontram,1
Boulton,1
Boyeston,1
Bursen,1
Burtram,1
Bushe,1
Cantelou,1
Canthorn,1
Cathy,1
Claiborne,1
Cliett,1
Clounch,1
Clym,1
Connally,1
Connick,1
Coonrod,1
Cramp,1
Crofoford,1
Croxton,1
Dargen,1
DeLaney,1
Dendez,1
Densmore,1
Deshago,1
Devers,1
Dollin,1
Dollins,1
Dorriety,1
Downum,1
Dreisback,1
Driesbach,1
Dunman,1
Durban,1
Duskell,1
Efurd,1
Eleind,1
Ellot,1
Evis,1
Finklea,1
Fique,1
Firrley,1
Flippin,1
Flyntt,1
Friddell,1
Frye,1
Furgson,1
Futwell,1
Gainer,1
Gilland,1
Givhan,1
Gliffer,1
Grablee,1
Griham,1
Grimener,1
Grooms,1
Gullins,1
Gurtley,1
Guyer,1
Guysc,1
Hamman,1
Hanvey,1
Harien,1
Hatto,1
Henrix,1
Hiefner,1
Hodgson,1
Hofheins,1
Hollaway,1
Holoway,1
Hombuckle,1
Hornbuckle,1
Hough,1
Houseworth,1
Howren,1
Huckabe,1
Ijams,1
Keenum,1
Kerbo,1
Lamdrum,1
Landman,1
Lattimer,1
Lawhon,1
Leech,1
Leonce,1
Macks,1
Marsdon,1
McCalley,1
McCarvey,1
McConnico,1
McCormich,1
McCravy,1
McCuthen,1
McFee,1
McKing,1
McKinstry,1
McMurray,1
Melott,1
Mereton,1
Mertin,1
Metcalfe,1
Mins,1
Moblett,1
Molett,1
Molette,1
Munrow,1
Mysell,1
Nesbitt,1
O`Bannon,1
O`Bannors,1
O`Bryant,1
Paunders,1
Peden,1
Perrett,1
Pettis,1
Pirtle,1
Priso,1
Prittle,1
Pryon,1
Pullam,1
Qullian,1
Ranghouf,1
Renauld,1
Renuald,1
Roquemow,1
Rovert,1
Samples,1
Sansom,1
Sayre,1
Schreiber,1
Schrimsher,1
Seargeant,1
Setster,1
Sheeley,1
Shillings,1
Simrel,1
Sizemoore,1
Somervils,1
Spottswood,1
Stalworth,1
Standafer,1
Storr,1
Storrs,1
Sturtevant,1
Suddth,1
Suffels,1
Suffles,1
Sumers,1
Supple,1
Thomaston,1
Thurmond,1
Tillmon,1
Trapp,1
Treadwell,1
Trice,1
Ullmer,1
Wailes,1
Waits,1
Warford,1
Wescott,1
Wilkie,1
Willhelms,1
Windson,1
Zatterow,1
Aaron,1
Allford,1
Alsten,1
Ammons,1
Arman,1
Atchley,1
Baers,1
Barbee,1
Bealle,1
Becket,1
Benham,1
Bicker,1
Blacksher,1
Boather,1
Bondine,1
Boney,1
Brannan,1
Brinnum,1
Brittain,1
Brookshire,1
Brutling,1
Buckabee,1
Buckalew,1
Buffington,1
Buzby,1
Callans,1
Caswell,1
Charbinet,1
Charbonet,1
Chenault,1
Churne,1
Connon,1
Constantine,1
Corbett,1
Corder,1
Cornegan,1
Countryman,1
Crommelin,1
Crosswhite,1
Derden,1
Dorsett,1
Doster,1
Duffy,1
Durick,1
Earp,1
Eves,1
Fanins,1
Foard,1
Foorde,1
Forsene,1
Frissell,1
Frizzel,1
Gabbert,1
Galbert,1
Gambol,1
Gilbreath,1
Girganous,1
Glasgoc,1
Goggs,1
Gracey,1
Gracy,1
Guinne,1
Gullege,1
Haggard,1
Hamlet,1
Headley,1
Headly,1
Hellem,1
Hewett,1
Hibbler,1
Hope,1
Hunphrey,1
Jacoway,1
Jamison,1
Jarett,1
Jeffers,1
Jernagan,1
Jetton,1
Joner,1
Kelsoe,1
Kerksey,1
Kimbro,1
Kincaird,1
Kuhn,1
Ladd,1
Laind,1
Lamar,1
Lauderdale,1
Lewallen,1
Ludlum,1
Lunceford,1
Lurendine,1
McAlliston,1
McCaghren,1
McCollough,1
McDuff,1
McDuffie,1
McDugald,1
McEachen,1
McGan,1
McGrady,1
McGuffie,1
McMullan,1
McNeilly,1
McTyeire,1
McYoung,1
Meades,1
Meharge,1
Mhoon,1
Milsap,1
Mizelle,1
Nalls,1
Nations,1
Naulty,1
Neyman,1
Nickols,1
Nimluish,1
Nunnally,1
Nunnelley,1
Owell,1
Owings,1
Ozment,1
Palmore,1
Pannell,1
Pardean,1
Paynor,1
Petus,1
Pillen,1
Polson,1
Pringleton,1
Prirris,1
Ralby,1
Rankin,1
Reede,1
Richart,1
Robby,1
Romans,1
Rowel,1
RSmith,1
Ryster,1
Samnds,1
Sample,1
Sanborn,1
Schmitz,1
Seayers,1
Shamblin,1
Shavers,1
Sillivan,1
Simison,1
Sivley,1
Snuggs,1
Somers,1
Sorter,1
Spaine,1
Spradleigh,1
Springfield,1
Sterns,1
Stinsen,1
Strain,1
Sublet,1
Swindal,1
Swindall,1
Swinney,1
Talifiero,1
Tarrants,1
Tiler,1
Tinker,1
Tipper,1
Tirey,1
Toomer,1
Tooten,1
Tuggle,1
Utley,1
VanHoose,1
Vanhorn,1
Vaught,1
Veazey,1
Wakeley,1
Waldrip,1
Wallas,1
Waltz,1
Westmoreland,1
Whitmine,1
Wilcoxen,1
Wilcoxson,1
Wintzel,1
Worthin,1
Wyett,1
Adkisson,1
Alderage,1
Amison,1
Arther,1
Averhart,1
Battcast,1
Beaumont,1
Beels,1
Bevis,1
Binder,1
Blackledge,1
Blackwood,1
Boden,1
Bomines,1
Bouner,1
Bourgois,1
Brogan,1
Brosnaham,1
Buise,1
Bundrum,1
Caloway,1
Carlie,1
Caselas,1
Cazalas,1
Charleston,1
Choffin,1
Clomer,1
Cloninger,1
Coon,1
Cotney,1
Crofford,1
Crunch,1
Daly,1
Daugette,1
Deavanport,1
Denmark,1
DeVane,1
Dittess,1
Dobynes,1
Dolivo,1
Dowd,1
Dozhier,1
Dupont,1
Ekwurzel,1
Fergerson,1
Folson,1
Fralick,1
Fresbrows,1
Galion,1
Ganang,1
Garrettson,1
Gaulman,1
Gerrald,1
Gillot,1
Gisa,1
Goddard,1
Gosa,1
Gower,1
Griffen,1
Groom,1
Halsey,1
Hant,1
Harbour,1
Hardage,1
Harrold,1
Heins,1
Hendeson,1
Hodger,1
Holdridge,1
Hugomin,1
Ivery,1
Jarratt,1
Joalin,1
Jowel,1
Kearly,1
Keer,1
Larney,1
Larnon,1
Louis,1
Luchow,1
Lundsden,1
Mabson,1
Magoffin,1
March,1
Marchbanks,1
Masure,1
Maynards,1
McAnis,1
McCaskey,1
McClain,1
McClammy,1
McClomy,1
McCool,1
McCreay,1
McCrumins,1
McDevitt,1
McElvain,1
McGown,1
McGruder,1
McHann,1
McKeithern,1
McKinly,1
McMannus,1
McReynolds,1
Mealear,1
Medows,1
Melbourn,1
Mizick,1
Morecock,1
Morrill,1
Mozley,1
Murph,1
Musick,1
Neekins,1
Newson,1
Nunnelee,1
O`Bryan,1
Oats,1
Ogin,1
Olmsted,1
Ormsby,1
O`Shields,1
Overcast,1
Ozier,1
Paine,1
Parvin,1
Patts,1
Pensergrass,1
Peppin,1
Pettman,1
Plemons,1
Powel,1
Rahn,1
Raulinson,1
Raulsnson,1
Raum,1
Ribherson,1
Rouen,1
Sadler,1
Scrugs,1
Shealy,1
Siler,1
Simeons,1
Sloone,1
Smithers,1
Sparkes,1
Sport,1
Spotts,1
Stolenaker,1
Stotmarck,1
Stuckney,1
Sullivant,1
Tadlock,1
Tart,1
Tomson,1
Tynes,1
Usrey,1
Ussery,1
Vandiver,1
Vandyke,1
Vessels,1
Vinsant,1
Wagonan,1
Waldrom,1
Watlington,1
Wayler,1
Winnegar,1
Winningham,1
Wisdom,1
Allam,1
Alspaugh,1
Andervan,1
Appling,1
Atchinson,1
Awtrey,1
Baldrick,1
Barnet,1
Barrenger,1
Bathe,1
Battons,1
Beasly,1
Beech,1
Beechim,1
Belk,1
Bilbo,1
Billingsly,1
Bohannan,1
Bomson,1
Bright,1
Bround,1
Buel,1
Bumley,1
Buntin,1
Burwell,1
Callen,1
Capeheart,1
Cauler,1
Cheany,1
Chestnutt,1
Chliat,1
Chrisp,1
Chunn,1
Clanahan,1
Clannahan,1
Cleckley,1
Clemens,1
Cliatt,1
Colwers,1
Coons,1
Coyle,1
Cribbins,1
Damron,1
Dennison,1
Devan,1
Dicky,1
Donner,1
Eby,1
Eggleston,1
Elders,1
Elking,1
Ellenburg,1
Ellerson,1
Engleheart,1
Enis,1
Faetwell,1
Faith,1
Farlee,1
Fears,1
Flirrie,1
Fliure,1
Forst,1
Franks,1
Gibbon,1
Gifford,1
Glasco,1
Gomeley,1
Gooch,1
Gormley,1
Guerard,1
Guerarddi,1
Guye,1
Gwathney,1
Halcombe,1
Hamblin,1
Harron,1
Haslett,1
Hastin,1
Hazelett,1
Hereford,1
Hewey,1
Highsaw,1
Hiwitt,1
Holifield,1
Holms,1
Holston,1
Horner,1
Hunnycutt,1
Keal,1
Keerry,1
Kenan,1
Killam,1
Kincaid,1
Kivette,1
Lacoste,1
Langdon,1
Lash,1
Ledlow,1
Lemmon,1
Lidiard,1
Lins,1
Loden,1
Londen,1
Lucky,1
Luggles,1
Luter,1
Malley,1
Mayzum,1
McCloud,1
McCullah,1
McCullogh,1
McDowall,1
McGlamery,1
McGlassen,1
McNiell,1
McShadden,1
McSpadden,1
McSween,1
McTyre,1
Mealey,1
Meekins,1
Mirack,1
Morrell,1
Mulanasc,1
Musborn,1
Myhan,1
Noah,1
Nowlin,1
Nummey,1
Nummy,1
Ollinger,1
Passell,1
Pelote,1
Pettia,1
Phillipps,1
Pirkey,1
Pirky,1
Popejoy,1
Pringer,1
Pullin,1
Pumphrey,1
Redwood,1
Rish,1
Rome,1
Rotton,1
Ruskie,1
Ryle,1
Selers,1
Sellman,1
Shed,1
Sheree,1
Shipes,1
Sockwell,1
Soper,1
Sparkman,1
Speaks,1
Spradling,1
Stepenson,1
Stikes,1
Streetman,1
Stunly,1
Sturgess,1
Suther,1
Swinford,1
Talliaferro,1
Teaseley,1
Tisney,1
Townly,1
Tripp,1
Tyree,1
Wamsley,1
Wheatstone,1
Whinn,1
Whipple,1
Winget,1
Wommack,1
Adamson,1
Adkison,1
Aldrige,1
Alston,1
Antomarchi,1
Ard,1
Ballen,1
Bealey,1
Berge,1
Bettis,1
Bickerstaff,1
Boggus,1
Bowsman,1
Boyette,1
Breithaupt,1
Briethaupt,1
Broch,1
Byrne,1
Castles,1
Cheenman,1
Chessur,1
Clohton,1
Clopton,1
Coate,1
Conegan,1
Cosee,1
Courtnery,1
Cozart,1
Creghton,1
Crudup,1
Dewett,1
Dewitt,1
Dickey,1
Doran,1
Eday,1
Edgie,1
Edikin,1
Ensiminger,1
Ensminger,1
Erchellburger,1
Eusminger,1
Fairris,1
Feagin,1
Fendley,1
Finnegan,1
Fodham,1
Fontaine,1
Fordham,1
Fullerton,1
Furick,1
Futrell,1
Gallops,1
Gaskin,1
Genrty,1
German,1
Gillis,1
Giovanni,1
Glackmeyer,1
Gomillion,1
Goyer,1
Goza,1
Gross,1
Grumbles,1
Guess,1
Guytan,1
Guyton,1
Guzman,1
Hanack,1
Hargis,1
Harkand,1
Harrigan,1
Hartman,1
Hasselwander,1
Hearon,1
Heffington,1
Hennon,1
Herrigs,1
Hicks/Killcreas,1
Hubble,1
Huble,1
Jamer,1
January,1
Kable,1
Kenndey,1
Kennison,1
Kettrell,1
Killin,1
Kinman,1
Kizzah,1
Kosell,1
Kraker,1
Laboon,1
LaFarlett,1
Lafarlette,1
Lamaz,1
Lampley,1
Leake,1
Leighton,1
Lemay,1
Lemmons,1
Liewallen,1
Liggin,1
Litchfield,1
Loftus,1
Longbotham,1
Lunda,1
McCree,1
McDonal,1
McKenny,1
McKinnery,1
Meehan,1
Megan,1
Meyer,1
Milican,1
Moony,1
Mothershead,1
Mullinax,1
MurpheeDl,1
Murstin,1
Nevelle,1
Niles,1
Nowlan,1
Nuckolls,1
O`Neil,1
O`Meara,1
Paddock,1
Palmour,1
Permenter,1
Pinney,1
Pointer,1
Porterfield,1
Pounds,1
Presnall,1
Prestnall,1
Raiford,1
Reynold,1
Rochelle,1
Rockholt,1
Rule,1
Sams,1
Saunderlin,1
Schoolar,1
Schwing,1
Seawell,1
Semple,1
Sewall,1
Shea,1
Shehan,1
Silas,1
Skellings,1
Slott,1
Smarr,1
Somerville,1
Stoker,1
Styles,1
Sulvan,1
Swader,1
Talton,1
Tanyhill,1
Teal,1
Thompkins,1
Tolan,1
Traffenstead,1
Traffensteadt,1
Traynham,1
Treadway,1
Trent,1
Tuberville,1
Tubs,1
Tuller,1
Volutine,1
War,1
Whatly,1
Whitley,1
Wootan,1
Wyche,1
Wynegan,1
Branum,1
Bullington,1
Burage,1
Chadick,1
Cornell,1
Countess,1
Courington,1
Critz,1
Elrod,1
Esary,1
Espey,1
Gautney,1
Gillem,1
Gillum,1
Glatbery,1
Greenhaw,1
Gurganus,1
Gwynne,1
Hamer,1
Hine,1
Hyde,1
Hyland,1
Karrh,1
Leondard,1
Lorgan,1
Maccabee,1
Meiggs,1
Menifee,1
Newel,1
Peete,1
Pipes,1
Platt,1
Plylar,1
Ridle,1
Sappington,1
Satcher,1
Skipworth,1
Sturdevant,1
Swearingin,1
Vinnings,1
Albritten,1
Alliston,1
Arundell,1
Aughe,1
Banyard,1
Bassen,1
Battey,1
Batton,1
Beek,1
Billups,1
Blackeney,1
Blont,1
Bole,1
Bolrick,1
Breuster,1
Bruisten,1
Bucker,1
Buckloe,1
Burgain,1
Burris,1
Cadey,1
Cady,1
Calo,1
Carder,1
Carnathan,1
Carrol,1
Carslile,1
Cavinder,1
Cesbato,1
Chapin,1
Chaplin,1
Christenberry,1
Colgin,1
Colley,1
Colly,1
Colther,1
Connerly,1
Copland,1
Coplin,1
Cother,1
Crimm,1
Cuddell,1
Dainwood,1
Dampsey,1
Dubrall,1
Eastburn,1
Easterlin,1
Feniol,1
Fenoil,1
Flant,1
Fortenberry,1
Gager,1
Gallimore,1
Gebhart,1
Gilkey,1
Gillan,1
Gillen,1
Gillham,1
Girard,1
Gleeson,1
Goldin,1
Gough,1
Gravit,1
Hameles,1
Hamlim,1
Hanbin,1
Hard,1
Harde,1
Harville,1
Heritage,1
Hilyer,1
Holebrooks,1
Horten,1
Hunnicutt,1
Jarrel,1
Jetter,1
Leiman,1
Liaes,1
Linch,1
Loften,1
Luminus,1
Maggard,1
Manley,1
Mazingo,1
McAteer,1
McCully,1
McGrayson,1
McManis,1
Meiden,1
Menciwether,1
Monchet,1
Mote,1
Mouchett,1
Nace,1
Nees,1
O`Brien,1
O`Brine,1
Ostin,1
Phares,1
Poesey,1
Quimby,1
Ramer,1
Saines,1
Scrimgen,1
Seagrave,1
Seaymere,1
Sherdan,1
Sheridan,1
Shimsky,1
Shinnery,1
Shockly,1
Shorter,1
Shurden,1
Shurdon,1
Shurum,1
Slaney,1
Smott,1
Spidle,1
Springsteed,1
Sprott,1
Stratten,1
Strutton,1
Stucky,1
Swam,1
Tarvin,1
Torrey,1
Tumage,1
Tureman,1
Turnage,1
Turrentine,1
Umphrey,1
Web,1
Weger,1
Wiggers,1
Willliams,1
Windle,1
Woodham,1
Yearby,1
Zena,1
Aders,1
Adler,1
Aerheart,1
Airhart,1
Airheart,1
Albright,1
Annbrester,1
Atters,1
Badey,1
Balenger,1
Bazley,1
Beachlaw,1
Beckem,1
Benett,1
Bennette,1
Bergin,1
Blakley,1
Boll,1
Both,1
Bridger,1
Brister,1
Broils,1
Burr,1
Burrs,1
Butts,1
Byrom,1
Calbert,1
Candell,1
Cann,1
Cantril,1
Chassar,1
Chawton,1
Cockron,1
Coggin,1
Coly,1
Convill,1
Cornelious,1
Creal,1
Cruse,1
Crutcher,1
Culbreath,1
Darling,1
Deanaman,1
Denaman,1
Denman,1
Derrett,1
Deshazer,1
Deshazi,1
Dorrough,1
Drawhorn,1
Driskell,1
Dublin,1
Durraugh,1
Durrette,1
Eason,1
Eckols,1
Ecton,1
Estice,1
Favaur,1
Feazle,1
Feruerson,1
Florence,1
Gamiel,1
Garven,1
Gidley,1
Gilden,1
Gillion,1
Gober,1
Gomey,1
Gowen,1
Grisom,1
Gwinn,1
Halcomb,1
Halliday,1
Hargett,1
Harpole,1
Harrill,1
Harriss,1
Hazle,1
Hennington,1
Hewstin,1
Hilco,1
Hobridge,1
Hollinsworth,1
Hontnal,1
Howe,1
Humphris,1
Jarrard,1
Jornsy,1
Kammron,1
Kenneus,1
Killpatrick,1
Kimbrel,1
Laners,1
Lanning,1
Lauden,1
Luker,1
Lukey,1
Macken,1
Manghum,1
Mangum,1
Marler,1
Marlin,1
Matheney,1
Mattison,1
McAfee,1
McCullars,1
McCullers,1
McCune,1
McDanal,1
McDonel,1
McFadden,1
Meddus,1
Mezzell,1
Mizzell,1
Mobly,1
Mopley,1
Mullendore,1
Mundine,1
Nimow,1
Norrid,1
Ogletre,1
Oswalt,1
Pass,1
Penland,1
Penson,1
Pinler,1
Pinson,1
Pinter,1
Pledger,1
Potman,1
Prewet,1
Pruet,1
Quattleburn,1
Quttlebum,1
Racy,1
Ratherford,1
Raver,1
Reavse,1
Rigby,1
Riggins,1
Runnell,1
Scisson,1
Seaman,1
Seeber,1
Serment,1
Sharpner,1
Shuklaud,1
Simbough,1
Sinlai,1
Sligh,1
Smelley,1
Smilegood,1
Soloman,1
Sprnell,1
Stoddard,1
Stodderd,1
Stracner,1
Strader,1
Studard,1
Swell,1
Swoop,1
Tarwaters,1
Teerket,1
Tenderson,1
Tenerson,1
Thackerson,1
Tigret,1
Tinpell,1
Toland,1
Trainer,1
Tygret,1
Vanzant,1
Webber,1
Wellington,1
Whalin,1
William,1
Wills,1
Worton,1
Yager,1
Abston,1
Aides,1
Aids,1
Albert,1
Arendale,1
Arendell,1
Arledge,1
Arndell,1
Attchinson,1
Baglus,1
Bamberg,1
Bamburg,1
Banling,1
Bartee,1
Bauchellon,1
Baxleay,1
Bebb,1
Belard,1
Bert,1
Beton,1
Bevill,1
Biddy,1
Bidwell,1
Boyter,1
Brickell,1
Bridewell,1
Bruter,1
Burford,1
Bursel,1
Busant,1
Buttershaw,1
Carmy,1
Carrott,1
Cashatt,1
Chetty,1
Chipman,1
Codive,1
Codwine,1
Connoway,1
Costlow,1
Coxwell,1
Crammer,1
Crimes,1
Culf,1
Decry,1
Dedman,1
Dellashaw,1
Dickert,1
Dinklin,1
Dockrey,1
Donovan,1
Draiper,1
Dunklin,1
Dury,1
Eckhart,1
Eliott,1
Fair,1
Farmin,1
Flancher,1
Fondum,1
Forest,1
Fowst,1
Frith,1
Gaddes,1
Gain,1
Gale,1
Geirge,1
Goulsly,1
Grave,1
Hacky,1
Hanby,1
Harkey,1
Harol,1
Harth,1
Hern,1
Higden,1
Holiman,1
Honeycul,1
Hoyne,1
Jacobson,1
Janes,1
Jarver,1
Jolley,1
Kempt,1
Kennaird,1
Kerout,1
Kinnard,1
Kyles,1
Lamphere,1
Lamphers,1
Larrie,1
Lawes,1
Leopard,1
Lisenbea,1
Locan,1
Loney,1
Loury,1
Lucus,1
Mabe,1
Mabel,1
Mathes,1
McCrackin,1
McDivit,1
McHalman,1
McMoy,1
Meacham,1
Meigs,1
Merison,1
Meriweather,1
Mise,1
Montgomiry,1
Moorehead,1
Munch,1
Naish,1
Nave,1
O`Conner,1
Ogburne,1
Patridge,1
Payn,1
Pickey,1
Preese,1
Reedy,1
Rickey,1
Russman,1
Sarrant,1
Schoppert,1
Serroggins,1
Sheply,1
Shomes,1
Shopperd,1
Sisk,1
Slanderfer,1
Slaten,1
Snel,1
Standifer,1
Stanks,1
Starrett,1
Stedman,1
Sterrett,1
Stivinder,1
Surles,1
Swilly,1
Tarrant,1
Tegner,1
Thones,1
Timmerman,1
Toonree,1
Trufe,1
Trujo,1
Tune,1
Turfnson,1
Varnam,1
Varnom,1
Von,1
Warnbacher,1
Weekes,1
Weirs,1
Whittington,1
Widham,1
Wrong,1
Yeath,1
Abacrombie,1
Abels,1
Ables,1
Adderson,1
Alexico,1
Averette,1
Bachelor,1
Bandy,1
Battles,1
Beaden,1
Bice,1
Blackstone,1
Blain,1
Bloxton,1
Blun,1
Boin,1
Bowles,1
Braveboy,1
Brosher,1
Buckhannan,1
Bunt,1
Burrell,1
Cage,1
Carey,1
Carruthers,1
Castlerry,1
Caston,1
Cavanaugh,1
Chadbourne,1
Chism,1
Cockcroft,1
Connolly,1
Conoley,1
Cooks,1
Cordle,1
Cornielus,1
Corput,1
Crosley,1
Dendy,1
Desberry,1
Dollar,1
Donally,1
Drafter,1
Eams,1
Earns,1
Eavens,1
Edgar,1
Elis,1
Ezekial,1
Ezekiell,1
Falks,1
Fergureson,1
Finn,1
Fleishl,1
Fortenburg,1
Fulghum,1
Funderberg,1
Gants,1
Gartman,1
Gault,1
Gayler,1
Gillam,1
Gilly,1
Grayham,1
Grelledge,1
Grillo,1
Gulledge,1
Gutman,1
Haglin,1
Hammon,1
Harick,1
Hasket,1
Hazel,1
Heartline,1
Heaslet,1
Heaslett,1
Hecock,1
Hellems,1
Herzborg,1
Hitchcock,1
Hodgens,1
Hodgins,1
Hoglin,1
Horless,1
Hornady,1
Inzer,1
Kee,1
Kennada,1
Kilgroe,1
Kilgrow,1
Killiams,1
Killough,1
Kimbull,1
Kingsberry,1
Kuling,1
Lackie,1
Lemley,1
Lockley,1
Loftice,1
Lolley,1
Lovel,1
Lovens,1
Lovil,1
Maginn,1
Mahan,1
Master,1
Maulden,1
McClellen,1
McClenden,1
McCombs,1
McDaimmid,1
McDill,1
McGalthery,1
McGregor,1
McKie,1
McLester,1
McMilbourn,1
McMilburn,1
McMillion,1
McMinn,1
Methvin,1
Mewbourn,1
Mizzles,1
Moat,1
Mohon,1
Monir,1
Morogns,1
Morse,1
Mostiller,1
Mullan,1
Naber,1
Nisbit,1
Nivars,1
Niven,1
Noll,1
Pare,1
Pennell,1
Percell,1
Phelan,1
Pilkenton,1
Pilkington,1
Pinkle,1
Plymell,1
Pricket,1
Pridmore,1
Railton,1
Rawlian,1
Rispop,1
Ritten,1
Rogan,1
Rolain,1
Rosenan,1
Roulain,1
Saffington,1
Samuels,1
Sandefer,1
Sandifer,1
Saterfield,1
Schuelein,1
Schulein,1
Schuleine,1
Shause,1
Shiflett,1
Shouse,1
Shufferd,1
Shuford,1
Sibert,1
Splaun,1
Sprinkler,1
Sprinkles,1
Stifflemire,1
Stringfield,1
Sumners,1
Swinton,1
Talbot,1
Tanzie,1
Tarlton,1
Teasley,1
Tolberte,1
Treece,1
Trotter,1
Tumer,1
Turentine,1
Turnly,1
Usery,1
VanDue,1
Wamack,1
Watkin,1
Watmore,1
Weatherpool,1
Wever,1
Whalan,1
Whaling,1
Whittle,1
Wilkey,1
Wings,1
Wooly,1
Wooolley,1
Yater,1
Yeargin,1
Adir,1
Barden,1
Barnhill,1
Bayley,1
Beaxile,1
Belle,1
Beshens,1
Blackenship,1
Blanenship,1
Bouden,1
Bowdoin,1
Brackins,1
Brasnell,1
Broadway,1
Brogil,1
Broxton,1
Bryd,1
Burl,1
Callins,1
Clancey,1
Clansey,1
Clemy,1
Conron,1
Conson,1
Crew,1
Croswell,1
Dam,1
Deese,1
Dikes,1
Dosset,1
Enzor,1
Fallen,1
Fitzmaurice,1
Friese,1
Gideon,1
Gilcrease,1
Goodon,1
Graces,1
Greggs,1
Grime,1
Grunson,1
Heartley,1
Hendmon,1
Henkman,1
Heyman,1
Hollimon,1
Hook,1
Huckman,1
Hudgeuse,1
Hugl,1
Hyman,1
Kief,1
Kittery,1
Laborius,1
Laborns,1
Laslie,1
Laumanack,1
Lauminack,1
Layfield,1
Lesslie,1
Leysath,1
Liscomb,1
Lissenby,1
Lizzenby,1
Lumpkin,1
Maddon,1
Mahony,1
Market,1
Markett,1
Masengale,1
McCanty,1
McCardell,1
McCaskil,1
McClenny,1
McCleurny,1
McCreless,1
McMichael,1
McMullens,1
Monke,1
Newbry,1
Noorman,1
Nordau,1
Norder,1
Norwell,1
Ogborne,1
Paull,1
Pentleton,1
Phenix,1
Pippon,1
Ponds,1
Quillin,1
Raleigh,1
Raley,1
Rallo,1
Rhodie,1
Rohde,1
Rollo,1
Schley,1
Scholl,1
Scipper,1
Sherah,1
Sheror,1
Shirah,1
Shropshire,1
Shuttles,1
Skean,1
Snelgrove,1
Strait,1
Strassberger,1
Strassburger,1
Strupper,1
Summerfield,1
Taquino,1
Tatom,1
Terell,1
Tillers,1
Towler,1
Tranum,1
Troy,1
Truett,1
Trumer,1
Tyre,1
Verstille,1
Wallers,1
Walter,1
Wheddon,1
Wight,1
Yoll,1
Zann,1
Alcorn,1
Aliff,1
Ames,1
Ammen,1
Angle,1
Artyre,1
Atley,1
Banner,1
Baskerville,1
Batchler,1
Bays,1
Beckner,1
Blakeley,1
Blanchett,1
Bluford,1
Board,1
Bohannon,1
Bow,1
Brammer,1
Braxton,1
Brillhart,1
Buckingham,1
Burkley,1
Carbough,1
Cardon,1
Carmady,1
Carrico,1
Casper,1
Chrisman,1
Cornett,1
Covey,1
Cropp,1
Crymus,1
Dannon,1
Dehart,1
Delong,1
Desaix,1
Eakis,1
Earhart,1
Edmundson,1
Elswick,1
Epling,1
Fairbain,1
Farron,1
Feather,1
Fillone,1
Fleener,1
Fralin,1
Fulwiler,1
Garberick,1
Garnard,1
Godbey,1
Grarman,1
Gravely,1
Grayley,1
Greenway,1
Grogg,1
Hags,1
Hancey,1
Harald,1
Harlow,1
Hennigar,1
Heslip,1
Hoff,1
Houck,1
Hughart,1
Hunagan,1
Hunley,1
Hurd,1
Jirogg,1
Kearney,1
Kenson,1
Kibler,1
Kicerman,1
Kipp,1
Kirkner,1
Kirkwood,1
Knopff,1
Kush,1
Lands,1
Lawyers,1
Lewney,1
Likenbaker,1
Lippford,1
Lookado,1
Loop,1
Lorton,1
Lovern,1
Lowman,1
Luisenburg,1
Marye,1
Mccoy,1
Mcgrady,1
Mcguire,1
Mcgurie,1
Mckinnon,1
Medley,1
Merickle,1
Minix,1
Moomaw,1
Moran,1
Moricle,1
Neel,1
Neice,1
Nunn,1
O`Mara,1
Otey,1
Ousley,1
Overby,1
Padgey,1
Pedigo,1
Piffer,1
Pillars,1
Poplar,1
Primm,1
Proffitt,1
Pruner,1
Rages,1
Reeks,1
Repass,1
Richman,1
Rutrough,1
Saddler,1
Semonius,1
Shelor,1
Shively,1
Shivley,1
Shrader,1
Sink,1
Sleeper,1
Sneed,1
Sowder,1
Stigleman,1
Sublett,1
Tankersly,1
Tayne,1
Tickle,1
Tinsley,1
Tizer,1
Trinkle,1
Trolinger,1
Truslow,1
Turpin,1
Turrow,1
Vaden,1
Vain,1
Vancel,1
Waldron,1
Waskey,1
Weiser,1
Welter,1
Werte,1
Wertz,1
Whitaker,1
Whitenack,1
Whitesel,1
Whitesell,1
Whorley,1
Winfrey,1
Winifree,1
Yingling,1
Younce,1
Zoll,1
Appleby,1
Berle,1
Cloe,1
Cummins,1
Ellington,1
Embrey,1
Eustice,1
Gallahan,1
Hooe,1
Irvine,1
Knoxville,1
Mountjoy,1
Rehil,1
Skinker,1
Tolson,1
Towson,1
Puller,1
Shaddock,1
Ambold,1
Books,1
Branham,1
Carneal,1
Collawn,1
Dade,1
Digges,1
Goudin,1
Greenstreet,1
Hove,1
Luck,1
Mckenney,1
Mclaughlin,1
Norment,1
Pave,1
Penny,1
Upshur,1
Wigglesworth,1
Woolfolk,1
Atwill,1
Bispham,1
Branson,1
Brooke,1
Claybrook,1
Crabbe,1
Crask,1
Eliff,1
Greenlaw,1
Gutridge,1
Haislip,1
Hutt,1
Maupin,1
Mckildoe,1
Settle,1
Sturman,1
Talent,1
Thrift,1
Alderson,1
Basye,1
Beazeley,1
Biscoe,1
Bramham,1
Cundiff,1
Currell,1
Dewbry,1
Dix,1
Doulin,1
Dunton,1
Harcum,1
Hastings,1
Hathaway,1
Kennon,1
Peirce,1
Pinckard,1
Purseley,1
Shay,1
Slocum,1
Smither,1
Sypes,1
Tebbs,1
Towles,1
Waddy,1
Wiatt,1
Alrich,1
Amis,1
Brightwell,1
Duerson,1
Faulconer,1
Hansborough,1
Hayney,1
Hening,1
Howser,1
Kishpaugh,1
Leavell,1
Massie,1
Paytes,1
Pilcher,1
Rawlings,1
Robey,1
Shadrock,1
Southworth,1
Spindle,1
Straghan,1
Swift,1
Tinder,1
Twyman,1
Wallingsford,1
Bayless,1
Baylor,1
Boughton,1
Brockenborough,1
Carmeal,1
Chinn,1
Clarkson,1
Deshaso,1
Fauntleroy,1
Fleet,1
Hoskins,1
Hundley,1
Kountz,1
Mcgeorge,1
Mundle,1
Muse,1
Newbill,1
Philip,1
Pilkerton,1
Pines,1
Rouzie,1
Trible,1
Wheat,1
Whitlocke,1
Armes,1
Arvin,1
Bruff,1
Davie,1
Dowdy,1
Durby,1
Dyson,1
Faris,1
Gee,1
Goulding,1
Jeffress,1
Malkintine,1
Mug,1
Neblett,1
Nickleson,1
Orgain,1
Overton,1
Raysdale,1
Rennolds,1
Shackleton,1
Tirdale,1
Wagstaff,1
Beadles,1
Berkeley,1
Chamberlayne,1
Dabney,1
Deans,1
Dew,1
Dunstan,1
Habliston,1
Horsey,1
Kinsela,1
Knote,1
Lukhard,1
Mellon,1
Mooklar,1
Nuttall,1
Selden,1
Sizer,1
Straugham,1
Trant,1
Allensworth,1
Billingsley,1
Branagan,1
Bryany,1
Burchard,1
Burchell,1
Cleaves,1
Crismond,1
Grissit,1
Hambleton,1
Harrow,1
Howland,1
Marders,1
Montleth,1
Olive,1
Peed,1
Purchell,1
Pusley,1
Reamey,1
Rixey,1
Rolley,1
Safoe,1
Salahan,1
Scrivener,1
Treakle,1
Trigger,1
Winkfield,1
Balderson,1
Bayse,1
Belfield,1
Blewford,1
Comming,1
Connellee,1
Cralle,1
Dunaway,1
Efford,1
Fallin,1
Fidler,1
Gardy,1
Gulick,1
Halle,1
Haydon,1
Mozingo,1
Pew,1
Quay,1
Rockwell,1
Scates,1
Stott,1
Tallent,1
Tellice,1
Vanness,1
Yalsig,1
Agner,1
Ash,1
Baumgardner,1
Blackenbecker,1
Blackmore,1
Bobin,1
Bremiller,1
Brians,1
Broadwater,1
Bruer,1
Bumgardner,1
Burchett,1
Burgeon,1
Callaham,1
Calliham,1
Calow,1
Calton,1
Cank,1
Cap,1
Card,1
Cardine,1
Cheat,1
Clendenen,1
Coldiron,1
Collingsworth,1
Collinsworth,1
Couk,1
Crage,1
Crager,1
Cress,1
Crumby,1
Culbertson,1
Cullime,1
Dawton,1
Deboarde,1
Delph,1
Devault,1
Dickenson,1
Dishner,1
Eadins,1
Eastridge,1
Engle,1
Entwistle,1
Faison,1
Fickle,1
Fortner,1
Freem,1
Fulk,1
Fullen,1
Gibbons,1
Gibhons,1
Gilreath,1
Givens,1
Goliher,1
Gumm,1
Hackney,1
Hamblinn,1
Hargreaves,1
Hatfield,1
Hedrick,1
Holcum,1
Jessee,1
Kenzie,1
Kerin,1
Keys,1
Killion,1
Kirn,1
Landreth,1
Large,1
Larmer,1
Livesay,1
Lunday,1
Luster,1
Mars,1
Masten,1
Mccardell,1
Mccrackin,1
Mccurry,1
Mcdonald,1
Mcdonnel,1
Mckee,1
Mckenzie,1
Mckey,1
Mcmullen,1
Mcphearson,1
Medlock,1
Morady,1
Netherly,1
Nickels,1
Nickles,1
Noles,1
Oakes,1
Oaty,1
Parrott,1
Persell,1
Pleasants,1
Quails,1
Quary,1
Quinley,1
Quisenberry,1
Rhoton,1
Rinis,1
Roark,1
Saul,1
Sebert,1
Selson,1
Sergener,1
Settles,1
Shean,1
Shelbourn,1
Shoop,1
Shut,1
Snodgrass,1
Speak,1
Sproules,1
Spurlock,1
Stair,1
Standerford,1
Stanferfer,1
Statser,1
Step,1
Sturgeon,1
Sulliven,1
Sulson,1
Summey,1
Trimmer,1
Unthank,1
Vandeventer,1
Vaughner,1
Viles,1
Waddle,1
Warden,1
Wassum,1
Wheatley,1
Willes,1
Winneger,1
Winniger,1
Woork,1
Wyrick,1
Yatt,1