John,2073
William,1495
James,927
George,853
Charles,632
Henry,624
Thomas,520
Joseph,518
Samuel,415
Jacob,350
David,321
Robert,273
Edward,217
Daniel,207
Frederick,174
Benjamin,172
Peter,171
Andrew,160
Michael,156
Isaac,154
Frank,124
Lewis,116
Richard,110
Francis,110
Albert,103
Alexander,99
Martin,94
Patrick,92
Adam,81
Franklin,69
Stephen,67
Alfred,66
Christian,66
Levi,66
Hiram,64
Philip,62
Jesse,56
Edwin,55
Abraham,55
Amos,53
Louis,52
Augustus,49
Theodore,45
Jeremiah,44
Hugh,44
Joshua,42
Nathan,41
Reuben,40
Nicholas,39
Elias,38
Jonathan,38
Silas,37
Oliver,37
Josiah,37
Simon,36
Christopher,34
Solomon,34
Aaron,34
Walter,33
Cyrus,32
Leonard,32
Elijah,32
Harrison,31
Oscar,30
Anthony,30
August,29
Sylvester,28
Milton,27
Calvin,26
Nathaniel,25
Nelson,25
Allen,25
Arthur,25
Harvey,24
Bernard,24
Ephraim,22
Abram,21
Herman,21
Conrad,21
Eli,21
Alonzo,21
Cornelius,21
Isaiah,21
Wesley,20
Warren,20
Matthew,20
Emanuel,20
Wilson,19
Eugene,18
Joel,18
Ira,18
Horace,18
Perry,18
Archibald,18
Jonas,17
Asa,17
Luther,16
Alvin,16
Julius,16
Ezekiel,16
Morris,16
Phillip,16
Dennis,16
Lawrence,15
Harry,15
Lyman,15
Jackson,15
Abner,14
Willis,14
Lorenzo,14
Timothy,14
Moses,13
Addison,13
Ferdinand,13
Barney,13
Enos,13
Morgan,12
Rufus,12
Simeon,12
Owen,12
Austin,12
Paul,12
Washington,11
Erastus,11
Seth,11
Wallace,11
Edgar,11
Hamilton,11
Matthias,11
Elisha,11
Orlando,10
Horatio,10
Mathias,10
Marion,10
Gilbert,10
Mark,10
Edmund,9
Jasper,9
Israel,9
Lemuel,9
Ernest,9
Mathew,9
Valentine,9
Rudolph,9
Ralph,8
Jefferson,8
Lucius,8
Truman,8
Jerome,8
Marcus,8
Ezra,8
Alex,8
Anton,8
Uriah,8
Howard,8
Thompson,8
Granville,8
Norman,8
Clark,8
Johnston,8
Lafayette,7
Cassius,7
Milo,7
Byron,7
Godfrey,7
Ransom,7
Fred,7
Frederic,7
Herbert,7
Leander,7
Christ,7
Adolph,7
Hosea,7
Noah,7
Harman,7
Newton,6
Winfield,6
Randolph,6
Justus,6
Carl,6
Miles,6
Enoch,6
Lester,6
Freeman,6
Homer,6
Smith,6
Casper,6
Madison,6
Fredrick,6
Sanford,6
Willard,6
Caleb,6
Ernst,6
Russell,6
Harmon,6
Jerry,6
Judson,6
Adelbert,5
Absalom,5
Ambrose,5
Darius,5
Gustavus,5
Davis,5
Max,5
Alpheus,5
Orrin,5
Loren,5
Dewitt,5
Chester,5
Sidney,5
Marvin,5
Alva,5
Benton,5
Boston,5
Evan,5
Abel,5
Edmond,5
Elwood,5
Ellis,5
Gottlieb,5
Napoleon,4
Ebenezer,4
Mortimer,4
Mahlon,4
Irvin,4
Elliott,4
Irwin,4
Alanson,4
Taylor,4
Oren,4
Stewart,4
Porter,4
Royal,4
Roswell,4
Chauncey,4
Clement,4
Darwin,4
Myron,4
Fletcher,4
Wilbur,4
Alden,4
Johnson,4
Melvin,4
Lorenz,4
Sebastian,4
Gideon,4
Leroy,4
Thaddeus,4
Collins,4
Zachariah,4
Jay,4
Marshall,4
Almon,4
Jared,4
Job,4
Miner,4
Obadiah,4
Gottleib,4
Ross,4
Lawson,4
Curtis,4
Monroe,4
Mordecai,4
Xavier,4
Spencer,4
Columbus,4
Dominick,4
Ludwig,3
Egbert,3
Gustave,3
Montgomery,3
Emerson,3
Green,3
Americus,3
Franz,3
Adin,3
Emory,3
Leon,3
Clarence,3
Merritt,3
Hubbard,3
Phineas,3
Fayette,3
Urbin,3
Seymour,3
Florian,3
Riley,3
Noble,3
Percival,3
Barny,3
Lloyd,3
Fritz,3
Bartholomew,3
Sherman,3
Otto,3
Hezekiah,3
Andreas,3
Jack,3
Alvah,3
Orin,3
Tobias,3
Constantine,3
Delos,3
Roland,3
Asbury,3
Orson,3
Bailey,3
Lycurgus,3
Lazarus,3
Carls,3
Wyatt,3
Norwood,3
Leonidas,3
Dwight,3
Levitt,3
Lot,3
Zachary,3
Orville,3
Grafton,3
Done,3
Eller,3
Alois,3
Reason,3
Able,3
Lee,3
Scott,3
Collin,3
Lucien,3
Wellington,3
Obediah,3
Clayton,3
Reese,3
Sameul,3
Mason,2
Don,2
Marcellus,2
Neal,2
Manning,2
Theophilus,2
Ulysses,2
Schuyler,2
Albion,2
Gilman,2
Giles,2
Zealous,2
Earl,2
Maxwell,2
Harlow,2
Linnis,2
Volney,2
Philetus,2
Malcom,2
Malcolm,2
Eben,2
Jehiel,2
Lanson,2
Harris,2
Obed,2
Rodolphus,2
Philo,2
Otis,2
Wells,2
Erwin,2
Steward,2
Corydon,2
Irving,2
Josephus,2
Jim,2
Britton,2
Laurence,2
Zacharias,2
Philipp,2
Stephan,2
Nicholaus,2
Rollin,2
Minard,2
Garrett,2
Hammond,2
Virgil,2
Sydney,2
Perkins,2
Wiley,2
Steven,2
Sampson,2
Ignatz,2
Barnard,2
Levy,2
Allison,2
Thurston,2
Felix,2
Corwin,2
Squire,2
Minor,2
Bigelow,2
Lemmon,2
Santee,2
Chandler,2
Mcclure,2
Godleib,2
Septer,2
Almeron,2
Edson,2
Joval,2
Norton,2
Melville,2
Shubal,2
Lamaar,2
Pyrus,2
Sylvanus,2
Hartson,2
Jeptha,2
French,2
Hinton,2
Watson,2
Jehu,2
Malon,2
Sheldon,2
Lerner,2
Manson,2
Hamline,2
Courtland,2
Angelo,2
Shadrack,2
Augustine,2
Jordan,2
Doctor,2
Matt,2
Cary,2
Dexter,2
Payson,2
Thornton,2
Ervin,2
Octavius,2
Linus,2
Fenner,2
Chesley,2
Tipton,2
Flavius,2
Loring,2
Stuart,2
Anson,2
Colonel,2
Harlan,2
Justice,2
Wilber,2
Newell,2
Selleck,2
Ripley,2
Vincent,2
King,2
Michel,2
Angus,2
Gerhard,2
Wiliam,2
Baltzer,2
Hartman,2
Jones,2
Bernhard,2
Elnathan,2
Issac,2
Barton,2
Luke,2
Preston,2
Walker,2
Lindsay,2
Willoughby,2
Emil,2
Raymond,2
Maurice,2
Reed,2
Stanley,2
Florence,2
Wilmer,2
Beverly,2
Gustav,2
Gardner,2
Fulton,2