Smith,135
Miller,91
Brown,78
Johnson,62
Jones,62
Williams,58
Davis,49
Wilson,48
Clark,45
Martin,43
Moore,42
Taylor,39
Campbell,37
Jackson,37
Thompson,37
Reed,37
White,35
Allen,33
Young,33
Snyder,32
Kelly,32
Baker,31
Thomas,30
Adams,30
Lewis,30
Stewart,29
Cook,28
Robinson,28
Wright,28
Hall,28
Myers,28
Morgan,27
Anderson,26
Morris,26
Wood,26
Hill,26
King,25
Ward,25
Parker,25
Evans,25
Cooper,24
Green,24
Long,23
Scott,23
Bennett,23
Crawford,22
Harris,22
Fisher,22
Rice,21
Hamilton,20
Patterson,20
Roberts,20
Walker,20
Murphy,20
Hughes,20
Lee,19
Palmer,19
Ross,19
Rogers,19
Jenkins,19
Gray,19
Butler,18
Foster,18
Price,18
Russell,18
Armstrong,18
Collins,18
Johnston,18
Wolf,18
Barnes,17
Carter,17
Fry,17
Howard,17
Wheeler,17
Henry,17
Kennedy,17
Weaver,17
Chapman,16
Graham,16
Kelley,16
Pierce,16
Porter,16
Richardson,16
Stone,16
Wallace,16
Peters,16
Phillips,16
Bell,16
Cole,16
Watson,16
Hoffman,16
Stevens,15
Wells,15
Shaffer,15
Simpson,15
Baldwin,15
Hart,15
Boyer,15
Bailey,14
Berry,14
Burns,14
French,14
Hunter,14
Mitchell,14
Nelson,14
Reynolds,14
Welsh,14
Black,14
Cunningham,14
Mills,14
Nichols,14
Walters,14
Little,14
Hoover,14
Andrews,13
Arnold,13
Edwards,13
Elliott,13
Gilbert,13
Howe,13
Turner,13
Warner,13
West,13
Burke,13
Riley,13
Alexander,13
Dixon,13
O`Brien,13
Rodgers,13
Bates,13
Hopkins,13
Kline,13
Brooks,12
Cox,12
Craig,12
Stevenson,12
Wagner,12
Day,12
Rose,12
Richards,12
Bishop,12
Dean,12
Shaw,12
Dougherty,12
Fox,12
Griffith,12
McLaughlin,12
Boyle,11
Gordon,11
Harrison,11
Hayes,11
Montgomery,11
Potter,11
Sullivan,11
Austin,11
Gibson,11
Irwin,11
Boyd,11
Henderson,11
McDonald,11
Buck,11
Pierson,11
Morrison,11
Gross,11
Coleman,11
Meyers,11
James,11
Keller,11
Beck,11
Ball,11
Moyer,11
Murray,11
Blair,10
Bradley,10
Briggs,10
Grant,10
Mason,10
Powell,10
Williamson,10
Woods,10
Simmons,10
Babcock,10
Douglass,10
Perry,10
Hicks,10
Gallagher,10
Patton,10
Stephens,10
Owens,10
Willson,10
Starr,10
Hess,10
Leonard,10
Davidson,9
Ewing,9
Griffin,9
Hays,9
Hunt,9
Kirk,9
Lockwood,9
Sherman,9
Shields,9
Vincent,9
Warren,9
Cummings,9
Dawson,9
Lane,9
Schaffer,9
Wilcox,9
Wiley,9
Hutchinson,9
Carpenter,9
Pearson,9
Becker,9
Bush,9
Schmidt,9
Harvey,9
Sharp,9
Holcomb,9
Allison,9
House,9
Humphrey,9
Schneider,9
O`Neil,9
Duncan,9
Short,9
Gardner,9
Reese,9
Dunn,9
Hull,9
Bowers,9
Shultz,9
Zimmerman,9
Beatty,8
Carr,8
Chamberlain,8
Chambers,8
Dodge,8
Fuller,8
Gibbs,8
Howell,8
Kane,8
Lucas,8
Morton,8
Oliver,8
Reid,8
Sanders,8
Tyler,8
McCormick,8
Mathews,8
Powers,8
Ford,8
Higgins,8
Jordan,8
Bowman,8
Case,8
Fleming,8
Holmes,8
Crane,8
Conley,8
Ryan,8
Lynch,8
Walter,8
Meyer,8
Freeman,8
Brady,8
Carson,8
Hartman,8
Kerr,8
McCarty,8
Northway,8
Welch,8
Wise,8
Marshall,8
Ames,7
Baird,7
Barry,7
Buchanan,7
Caldwell,7
Carroll,7
Kimball,7
Logan,7
McDowell,7
Miles,7
Osborn,7
Peck,7
Phelps,7
Pratt,7
Saxton,7
Anthony,7
Benson,7
Cochran,7
Cramer,7
Doyle,7
Drake,7
Graves,7
Lawrence,7
Marsh,7
Pike,7
Preston,7
Spencer,7
Arthur,7
Harper,7
Parks,7
Barker,7
Hathaway,7
Monroe,7
Winters,7
Stiles,7
Lutz,7
Steel,7
Conrad,7
Koch,7
Clarke,7
Ferguson,7
Ray,7
Robbins,7
George,7
Church,7
Lyons,7
Shafer,7
Barnhart,7
Fielder,7
Hubbard,7
Bryan,7
Carey,7
Conner,7
Funk,7
Hudson,7
Jacobs,7
Maxwell,7
McCoy,7
Quinn,7
Rutherford,7
Shoemaker,7
Sloan,7
Wagoner,7
Peet,7
Barr,7
Bartlett,6
Baxter,6
Cameron,6
Clayton,6
Connor,6
Dennis,6
Farnsworth,6
Franklin,6
Holt,6
Parsons,6
Paul,6
Steele,6
Weber,6
Webster,6
Barrett,6
Daniels,6
Diehl,6
Rush,6
Sheppard,6
Abbott,6
Love,6
McCann,6
Walton,6
Avery,6
Kent,6
Rhodes,6
Wilkinson,6
Knapp,6
Duffy,6
Horton,6
Jewell,6
Burk,6
O`Donnell,6
Cross,6
Dunham,6
Bender,6
Roth,6
Booth,6
Ellis,6
Donnelly,6
Hinkle,6
Pugh,6
Hewitt,6
Golden,6
Kendall,6
Penny,6
Stout,6
Rich,6
Bryant,6
Curry,6
Dunlap,6
Heller,6
Houser,6
Hutchison,6
Lindsay,6
Lloyd,6
Marks,6
McBride,6
McClure,6
Pearce,6
Snider,6
Straight,6
Weller,6
Yeager,6
Ayres,5
Bowen,5
Casey,5
Curtis,5
Fisk,5
Gorman,5
Granger,5
Gregg,5
Grover,5
Hamlin,5
Lyon,5
Meredith,5
Nagle,5
Newton,5
Paine,5
Potts,5
Ransom,5
Schenck,5
Sprague,5
Terry,5
Thayer,5
Washburn,5
Watkins,5
Webb,5
Whitaker,5
Dailey,5
Fitzgerald,5
Fowler,5
Harrington,5
Sweeney,5
Swift,5
Beach,5
English,5
Loomis,5
Baughman,5
Beers,5
Coon,5
Knight,5
Moon,5
Norton,5
Priest,5
Skinner,5
Squires,5
Swain,5
Waters,5
Morse,5
Sanderson,5
Swartz,5
Sweet,5
Ackerman,5
Perkins,5
Tucker,5
Doty,5
Robertson,5
Townsend,5
Bradford,5
Goodwin,5
Kinney,5
Mcguire,5
Peterson,5
Buckley,5
Hickman,5
Knox,5
Lehman,5
Gill,5
Danford,5
Everett,5
Fletcher,5
Gregory,5
Dodd,5
Grey,5
Stafford,5
Lancaster,5
May,5
Daily,5
Gilmore,5
Mack,5
Myer,5
Sager,5
Myres,5
Savage,5
Mckinzie,5
Kellogg,5
Thornton,5
Conway,5
Hyde,5
Corey,5
Gillespie,5
Payne,5
Barber,5
Barnett,5
Blanchard,5
Bower,5
Cain,5
Chester,5
Crouse,5
Decker,5
Eckert,5
Frederick,5
Glenn,5
Harman,5
Jeffries,5
Johns,5
Matthews,5
McCabe,5
McCullough,5
McKinney,5
Miner,5
Mooney,5
Moor,5
Mullen,5
Orr,5
Philips,5
Randall,5
Ritter,5
Shannon,5
Spangler,5
Sutton,5
Woodward,5
Fritz,5
Grove,5
Kauffman,5
Ramsey,5
Rhoads,5
Banks,4
Butterfield,4
Copeland,4
Eaton,4
Hammond,4
Hatch,4
Hawkins,4
Hawley,4
Hovey,4
Kirby,4
Martindale,4
McCall,4
McClellan,4
McCook,4
McGinnis,4
Mott,4
Spears,4
Strong,4
Todd,4
Tuttle,4
Underwood,4
Wade,4
Boyce,4
Brennan,4
Brewer,4
Fenton,4
Guthrie,4
Haines,4
Hardy,4
Jacoby,4
Moss,4
Osborne,4
Pepper,4
Post,4
Robins,4
Sheldon,4
Blake,4
Flynn,4
Lemon,4
Park,4
Bear,4
Cummins,4
Richard,4
Finley,4
Nash,4
Steward,4
Richmond,4
Sands,4
Hoyt,4
Page,4
Donahue,4
Gage,4
Hughs,4
Mann,4
Albert,4
Chandler,4
Frank,4
Goodman,4
Lawson,4
Maloney,4
Piper,4
Snow,4
Berger,4
Daugherty,4
Fischer,4
Geiger,4
Kuhn,4
Lehr,4
Moses,4
Mueller,4
Muller,4
Murry,4
Peterman,4
Richter,4
Schultz,4
Keys,4
Lamb,4
Shelton,4
Clifford,4
Jamison,4
Solomon,4
Watts,4
Erwin,4
Lambert,4
Thrasher,4
Verbal,4
Wilkins,4
Dickson,4
Randolph,4
Bartholomew,4
Harlan,4
Huber,4
Bond,4
Cloud,4
Shephard,4
Squire,4
Hodges,4
Hopper,4
Depue,4
Nettleton,4
Sherwood,4
Dudley,4
Elder,4
Ezzell,4
Ingram,4
Lowe,4
Lusk,4
Rider,4
Rippey,4
Sharpe,4
Altman,4
Bassett,4
Benner,4
Bentley,4
Brant,4
Burch,4
Burton,4
Callahan,4
Chamberlin,4
Connelly,4
Cowan,4
Crist,4
Cromer,4
Crosby,4
Dunkle,4
Earhart,4
Emery,4
Fenner,4
Friend,4
Fulmer,4
Garrett,4
Gates,4
German,4
Good,4
Grim,4
Haas,4
Hare,4
Hawk,4
Hayden,4
Hildebrand,4
Hood,4
Horner,4
Jennings,4
Kenney,4
Kissinger,4
Leech,4
Longwell,4
Malone,4
McClelland,4
McGill,4
McLain,4
Merrill,4
Noble,4
Nolan,4
Norris,4
Null,4
Painter,4
Redding,4
Riddle,4
Roach,4
Ruth,4
Saunders,4
Seely,4
Shipley,4
Simons,4
Sowers,4
Stine,4
Stratton,4
Walsh,4
Penfield,4
Albright,4
Byers,4
Fink,4
Fulton,4
Hendricks,4
Horn,4
Hummel,4
Kramer,4
Landis,4
McKee,4
Morrow,4
Shearer,4
Alvord,3
Benton,3
Birney,3
Brannan,3
Chapin,3
Clay,3
Cochrane,3
Corcoran,3
Fessenden,3
Gamble,3
Geary,3
Gillmore,3
Harding,3
Harland,3
Heckman,3
Herron,3
Humphreys,3
Ingalls,3
Jameson,3
Lawler,3
Leggett,3
Lytle,3
Mansfield,3
McIntosh,3
McLean,3
Meade,3
Merritt,3
Plummer,3
Prince,3
Ramsay,3
Reilly,3
Shepard,3
Sheridan,3
Sill,3
Slocum,3
Stanley,3
Stokes,3
Stuart,3
Sumner,3
Weed,3
Wheaton,3
Whipple,3
Brink,3
Carl,3
Hale,3
Heath,3
McAvoy,3
Moran,3
Odell,3
Predmore,3
Tracy,3
NAME,3
Canfield,3
Conklin,3
Dunning,3
Gaines,3
Head,3
Sears,3
Blaisdell,3
Bull,3
Colwell,3
Dye,3
Fenn,3
Laws,3
McKenna,3
Millis,3
Seaman,3
Stanton,3
Winn,3
Fair,3
Fullerton,3
Hogan,3
Keenan,3
Luther,3
North,3
Ogden,3
Pease,3
Reeves,3
Rexford,3
Rowe,3
Abbey,3
Beebe,3
Bigelow,3
Blakely,3
Churchill,3
Crossman,3
Fall,3
Laughlin,3
McCauley,3
Rank,3
Shay,3
Whitehead,3
Barringer,3
Coe,3
Darby,3
Gardiner,3
Hanna,3
Herrington,3
McFall,3
Minor,3
Parshall,3
Sackett,3
Auld,3
Hampton,3
Haney,3
Hickey,3
Holden,3
Messenger,3
Newell,3
Parish,3
Raymond,3
Beecher,3
Berlin,3
Bruner,3
Fagan,3
Fleck,3
Flowers,3
Gardenhire,3
Heart,3
Krebs,3
Lentz,3
Lowry,3
Lynn,3
O`Conner,3
Rouse,3
Terrell,3
Webber,3
Arndt,3
Bauer,3
Christ,3
Frey,3
Keith,3
Manning,3
Maurer,3
Seibert,3
Talbert,3
Turnage,3
Boone,3
Folkner,3
Glass,3
Holly,3
Ash,3
Calvin,3
Dodson,3
Dugan,3
Edson,3
Rutledge,3
Schwab,3
Stoddard,3
Chase,3
Comfort,3
Corzine,3
Delong,3
Dewitt,3
Dillman,3
Hannan,3
Hileman,3
Hoffner,3
Justice,3
Kilburn,3
Lacy,3
Leatherman,3
Penninger,3
Phipps,3
Pollard,3
Reece,3
Stephenson,3
Freeborn,3
Gault,3
Gillett,3
Langdon,3
Mayer,3
Metzger,3
Reber,3
Schauck,3
Spaulding,3
Genung,3
Hartzell,3
Vaughn,3
Hatfield,3
Root,3
Westbrook,3
Downs,3
Hickson,3
Hines,3
Pool,3
Ware,3
Whitney,3
Yocum,3
Engle,3
Harden,3
Mead,3
Ostrander,3
Tuley,3
Tulley,3
Westfall,3
Wheelock,3
Wray,3
Andrus,3
Geis,3
Gifford,3
Hough,3
Kugler,3
Meiser,3
Town,3
Whitcomb,3
Bain,3
Beamer,3
Beemer,3
Boice,3
Claywell,3
Close,3
Coulter,3
Gale,3
Halpin,3
Leslie,3
Nickols,3
Shinn,3
Somers,3
Thorn,3
Tipton,3
Whiteside,3
Woodall,3
Ayers,3
Baily,3
Bair,3
Bangs,3
Benedict,3
Bently,3
Best,3
Biggin,3
Bingham,3
Blakemore,3
Boggs,3
Bowker,3
Boyles,3
Brandt,3
Britton,3
Burket,3
Chadwick,3
Christman,3
Coates,3
Coons,3
Cornelius,3
Costello,3
Daley,3
Dickey,3
Donald,3
Donaldson,3
Donovan,3
Doran,3
Drew,3
Eberman,3
Ely,3
Farley,3
Faulkner,3
Fish,3
Foley,3
Foucht,3
Fought,3
Foust,3
Furgeson,3
Furrow,3
Gearhart,3
Gearheart,3
Giles,3
Grubb,3
Hafer,3
Hanson,3
Harmon,3
Hendrickson,3
Herold,3
Hitchel,3
Hoagland,3
Holland,3
Houck,3
Hougland,3
Huffman,3
Hulse,3
Joiner,3
Judy,3
Kenedy,3
Lang,3
Leary,3
Leeds,3
Lindsey,3
Line,3
Louis,3
Mackey,3
McAllister,3
McCalister,3
McCallister,3
McClain,3
McFadden,3
McGlaughlin,3
McGuire,3
McLane,3
McMaster,3
Meier,3
Mellinger,3
Mercer,3
Merrick,3
Michaels,3
Milligan,3
Mock,3
Mulford,3
Neal,3
Neely,3
Neil,3
Nesley,3
Newman,3
Nicholson,3
Parvin,3
Peirce,3
Phares,3
Pharis,3
Purcell,3
Quackenbush,3
Quigley,3
Raber,3
Read,3
Rex,3
Rhodehamel,3
Robb,3
Robison,3
Rowan,3
Schoonover,3
Seeley,3
Shank,3
Shelly,3
Simon,3
Slade,3
Spellman,3
Sponsler,3
Squier,3
Staley,3
Steiner,3
Story,3
Stover,3
Strang,3
Sulivan,3
Telford,3
Townsley,3
Valentine,3
Van,3
Vance,3
Vankirk,3
Washington,3
Wert,3
Wertz,3
Whitten,3
Whitton,3
Willard,3
Worrell,3
Yost,3
Zinn,3
Camp,3
Downing,3
Ebert,3
Flick,3
Francis,3
Kemp,3
Peets,3
Stahl,3
Barton,3
Cannon,3
Carney,3
Cartright,3
Carver,3
Cline,3
Derr,3
Devine,3
Devlin,3
Farrell,3
Faust,3
Fetter,3
Fields,3
Foreman,3
Frazier,3
Gable,3
Groff,3
Hay,3
Huff,3
Irvin,3
Kern,3
Kurtz,3
Ludwig,3
Magee,3
McConnell,3
McCoy,3
McGee,3
Michael,3
Moser,3
Nicholas,3
O`Neill,3
Rankin,3
Rupert,3
Rutter,3
Saylor,3
Sharon,3
Small,3
Stoner,3
Willis,3
Wilt,3
Zeigler,3
Barnard,2
Barnum,2
Beal,2
Belknap,2
Bidwell,2
Birge,2
Brisbin,2
Buckingham,2
Buell,2
Buford,2
Burnham,2
Cadwalader,2
Carlin,2
Catterson,2
Champlin,2
Chetlain,2
Cooke,2
Couch,2
Crittenden,2
Custer,2
Davies,2
Devin,2
Dewey,2
Dow,2
Duryee,2
Dyer,2
Egan,2
Emory,2
Estey,2
Ferry,2
Force,2
Forsyth,2
Garrard,2
Greene,2
Hancock,2
Hardin,2
Harker,2
Harney,2
Hartranft,2
Haskin,2
Heintzelman,2
Hitchcock,2
Hobson,2
Hooker,2
Hurlbut,2
Keim,2
Ketcham,2
Ketchum,2
Keyes,2
Kilpatrick,2
Marcy,2
Marston,2
McKinstry,2
McMillan,2
McPherson,2
Mitchel,2
Neill,2
Oglesby,2
Owen,2
Patrick,2
Pennypacker,2
Penrose,2
Piatt,2
Pope,2
Reno,2
Ripley,2
Rowley,2
Schofield,2
Seymour,2
Shaler,2
Slack,2
Smyth,2
Swayne,2
Sweeny,2
Terrill,2
Vinton,2
Voris,2
Wadsworth,2
Weitzel,2
Wild,2
Willcox,2
Wistar,2
Zook,2
Barney,2
Byroads,2
Cram,2
Cronk,2
Goldsmith,2
Herrick,2
Horan,2
Hosner,2
Ide,2
Jacob,2
Loop,2
McClintock,2
Mothersill,2
O`Connor,2
Orth,2
Pettit,2
Phelan,2
Remington,2
Rood,2
Rossiter,2
Simms,2
Sylvester,2
Virgil,2
Wickham,2
Whalen,2
Winans,2
Wren,2
Ballentine,2
Boswell,2
Clement,2
Foy,2
Fricke,2
Hazzard,2
Hulbert,2
Manley,2
Richel,2
Stein,2
Sternes,2
Sutliff,2
Way,2
Wolverton,2
Worthington,2
Adkins,2
Beaumont,2
Billings,2
Bridges,2
Bronson,2
Cady,2
Carman,2
Cass,2
Chrispell,2
Cobb,2
Coy,2
Daggett,2
Ellinger,2
Garrison,2
Garver,2
Goodell,2
Haight,2
Hawes,2
Hoy,2
Kilbourn,2
Lilly,2
Lowrie,2
McCurdy,2
McMillian,2
Prentice,2
Sage,2
Stilson,2
Whaley,2
Blakeman,2
Blay,2
Bunce,2
Caine,2
Comstock,2
Corbett,2
Farnum,2
Gooding,2
Gough,2
Gunn,2
Haviland,2
Kropp,2
Krause,2
Markham,2
Mix,2
Morford,2
Mosher,2
Niles,2
Place,2
Schwartz,2
Stead,2
Stebbins,2
Tobias,2
Bedell,2
Blodgett,2
Brownson,2
Burrows,2
Buzzell,2
Dexter,2
Fitch,2
Frazer,2
Hutton,2
Kendrick,2
Lathrop,2
Overton,2
Quick,2
Skillman,2
Struble,2
Whitmore,2
Helsel,2
Lovell,2
Parmalee,2
Purdy,2
Sayles,2
Sked,2
Spink,2
Stark,2
Aldrich,2
Bacon,2
Blystone,2
Boutwell,2
Carmon,2
Cool,2
Floyd,2
Harry,2
Hedges,2
Hickox,2
Ingraham,2
Mccormick,2
Padelford,2
Pendleton,2
Rickey,2
Snell,2
Speers,2
Sweatland,2
Westenberger,2
Wolaver,2
Anthons,2
Baner,2
Coho,2
Dolph,2
Dutcher,2
Elliot,2
Frazee,2
Gunter,2
Harmer,2
Hatchet,2
Hurst,2
Jellison,2
Kepler,2
Kimmel,2
Leeper,2
Leib,2
March,2
Mcdonald,2
Meeks,2
Mossman,2
Ottman,2
Pauley,2
Reck,2
Schlosser,2
Searight,2
Staines,2
Swan,2
Switzer,2
Tansey,2
Wills,2
Zeck,2
Baumann,2
Baumer,2
Blank,2
Clements,2
Dauber,2
Daughritz,2
Daum,2
Engel,2
Erb,2
Erbe,2
Forbs,2
Hazelwood,2
Helfrich,2
Klein,2
Otto,2
Pitcock,2
Raab,2
Randoll,2
Rauch,2
Rudel,2
Russ,2
Scheve,2
Spring,2
Stump,2
Tiedemann,2
Voorhees,2
Wattson,2
Bickers,2
Chitty,2
Gower,2
Hoober,2
Houston,2
Mifflin,2
Stacy,2
Stickel,2
Stroud,2
Bonnell,2
Butcher,2
Clough,2
Condon,2
Crandall,2
Dickerson,2
Douglas,2
Free,2
Godfrey,2
Grammar,2
Hyndman,2
Larrison,2
Lent,2
Major,2
Mckinney,2
Mclaughlin,2
Messer,2
Motley,2
Pattison,2
Sawyer,2
Spry,2
Stillwell,2
Yates,2
Apple,2
Corrine,2
Crabtree,2
Creasy,2
Dale,2
Davolt,2
Depositer,2
Dolson,2
Ernest,2
Fancher,2
Fopay,2
Hammell,2
Holley,2
Jarrett,2
Lence,2
Lingle,2
Luna,2
Morey,2
Murdock,2
Neisler,2
Niblock,2
Pieronnet,2
Pittman,2
Rockwood,2
Sexton,2
Simonton,2
Troutman,2
Vore,2
Waddell,2
Bateman,2
Bettinger,2
Budden,2
Deitrich,2
Dempsey,2
Entwhistle,2
Farr,2
Freeburn,2
Glookner,2
Godat,2
Houy,2
Klink,2
Kraemer,2
Kroemer,2
Leightner,2
Payson,2
Pringle,2
Seeger,2
Spalding,2
Criswell,2
Degroot,2
Shipman,2
Sperry,2
Whited,2
Bartley,2
Bradshaw,2
Branch,2
Burris,2
Higbee,2
Holston,2
Kelso,2
Key,2
Mccracken,2
Meteer,2
Polley,2
Polly,2
Pryor,2
Ruby,2
Salter,2
Clifton,2
Dell,2
Doerges,2
Dowling,2
Grace,2
Maines,2
Newkirk,2
Shutts,2
Bliss,2
Cleveland,2
Earl,2
Farnham,2
Hawthorn,2
Kibby,2
Lippincott,2
Lockard,2
Shatswell,2
Snowden,2
Argraves,2
Betzer,2
Dearth,2
Dunton,2
Erbes,2
Grobe,2
Heard,2
Hetherington,2
Holdren,2
Holton,2
Huling,2
Kasler,2
Kightlinger,2
Machen,2
Mcgaffey,2
Melugin,2
Mittan,2
Off,2
Ranka,2
Seavey,2
Steinbrook,2
Stow,2
Timlin,2
Uhl,2
Van Anker,2
Vancampen,2
Walrath,2
Agy,2
Arnhold,2
Badgeley,2
Badgley,2
Bagby,2
Ballinger,2
Bimson,2
Bobo,2
Bramble,2
Branic,2
Brannic,2
Brinson,2
Brumble,2
Cade,2
Dillingham,2
Dupont,2
Eddingfield,2
Emerson,2
Fossleman,2
Giddings,2
Glancy,2
Hallett,2
Hedger,2
Herson,2
Hildreth,2
Huet,2
Kidwell,2
Lefler,2
Lomax,2
Massie,2
Maybury,2
Mccauley,2
Mcmahon,2
Nicols,2
Noyes,2
Quincy,2
Rigney,2
Saxbury,2
Settle,2
Shelby,2
Spechen,2
Topliff,2
Van Slyke,2
Walburn,2
Weeden,2
Zumalt,2
Abell,2
Able,2
Adair,2
Aikins,2
Akers,2
Alder,2
Anspaugh,2
Appleton,2
Armentrout,2
Arrison,2
Atwood,2
Avey,2
Axline,2
Backenstoe,2
Backenstow,2
Backer,2
Bard,2
Baringer,2
Barns,2
Barron,2
Basore,2
Beans,2
Beasore,2
Beggs,2
Behymer,2
Bentz,2
Bernard,2
Bickley,2
Biggs,2
Biglow,2
Bixby,2
Blackburn,2
Blessing,2
Boger,2
Boner,2
Bonner,2
Boughton,2
Bowland,2
Bracken,2
Brandenburg,2
Brickett,2
Brien,2
Budd,2
Burd,2
Burley,2
Burroughs,2
Burt,2
Bushnell,2
Butts,2
Calahan,2
Callihan,2
Calvert,2
Canady,2
Canton,2
Carlisle,2
Cassel,2
Christian,2
Classon,2
Clauson,2
Clawson,2
Cleaveland,2
Coats,2
Collier,2
Colman,2
Conaway,2
Conger,2
Conly,2
Conover,2
Constable,2
Coppock,2
Cornell,2
Cory,2
Covert,2
Cowen,2
Craft,2
Crow,2
Crowe,2
Crozier,2
Cullen,2
Culver,2
Currie,2
Curtiss,2
Dalton,2
Daniel,2
Danner,2
Dare,2
Davison,2
Deardorff,2
Deihl,2
Denious,2
Dennison,2
DeRush,2
Deter,2
Devers,2
Devore,2
Dills,2
Divine,2
Doggett,2
Doherty,2
Domm,2
Donahoe,2
Doughty,2
Draper,2
Drum,2
Duckwall,2
Duff,2
Duffee,2
Duffey,2
Duncle,2
Easterwood,2
Eastman,2
Ebberman,2
Echard,2
Eckard,2
Eckley,2
Edmonds,2
Ellison,2
Elster,2
Everson,2
Falkner,2
Fanning,2
Farber,2
Farris,2
Faught,2
Ferris,2
Fickes,2
Filler,2
Finch,2
Finly,2
Finn,2
Fithian,2
Flack,2
Foltz,2
Foote,2
Forrest,2
Foulk,2
Freas,2
Frost,2
Gaskins,2
Gaster,2
Geist,2
Gerhard,2
Gerhart,2
Getz,2
Giebel,2
Gierhard,2
Gillen,2
Gillis,2
Goodrich,2
Gorden,2
Grannan,2
Groover,2
Gunning,2
Guy,2
Hair,2
Hammon,2
Hanes,2
Hannah,2
Hannum,2
Hanscom,2
Harley,2
Harmen,2
Haynes,2
Heathman,2
Heis,2
Heiser,2
Hemphill,2
Herald,2
Herrold,2
Hichell,2
Hilderbrand,2
Hinkley,2
Hinton,2
Hiser,2
Hockenberry,2
Hoff,2
Holdridge,2
Holliday,2
Homen,2
Homman,2
Hommon,2
Horten,2
Hotchkiss,2
Houghland,2
Hulburt,2
Humfreville,2
Humphry,2
Huntley,2
Hurlbert,2
Hutcheson,2
Hutzell,2
Iden,2
Iliff,2
Imhuff,2
Jacques,2
Jarvis,2
Jesson,2
Jolly,2
Joyce,2
Kearnes,2
Keefer,2
Keeler,2
Keifer,2
Kelker,2
Kendell,2
Kerns,2
Kilby,2
Kilgore,2
Killian,2
Kinghorn,2
Knoll,2
Kunkle,2
Kyle,2
Lamphier,2
Langly,2
Lantz,2
Large,2
Larimer,2
Lawhead,2
Layton,2
Leach,2
Leasure,2
Leisure,2
Lewin,2
Ligget,2
Liggitt,2
Lilley,2
Lines,2
Lingo,2
Lock,2
Lodge,2
Lott,2
Maddox,2
Malsbary,2
Manly,2
Mark,2
Marquart,2
McCandless,2
McCay,2
McChesney,2
McCloud,2
McConnely,2
McCool,2
McCormic,2
McCready,2
McDonnell,2
McElwain,2
McEwen,2
McGarry,2
McGlinchey,2
McGlinchy,2
McGlochlen,2
McGlochlin,2
McIlvain,2
McLaine,2
McSwigan,2
Meacham,2
Megarth,2
Metzgar,2
Milner,2
Moler,2
Molson,2
Monaghan,2
More,2
Morehead,2
Mullin,2
Murphey,2
Myre,2
Noe,2
Noggle,2
Norman,2
O`Neal,2
Oberlin,2
Oyler,2
Parrett,2
Parry,2
Passage,2
Patten,2
Pfaff,2
Pharris,2
Pier,2
Plumb,2
Poole,2
Putt,2
Pye,2
Ralph,2
Ralston,2
Raney,2
Raper,2
Rees,2
Renshaw,2
Resler,2
Rhoadehamel,2
Rhoadhamel,2
Rickets,2
Ried,2
Ritchey,2
Roche,2
Rockwell,2
Rollins,2
Rone,2
Roster,2
Rowen,2
Rumbaugh,2
Saam,2
Sammis,2
Sarver,2
Sayers,2
Sayres,2
Sell,2
Seltzer,2
Seymore,2
Shaeffer,2
Sharpless,2
Shellenberger,2
Shelley,2
Shimer,2
Shiplett,2
Shiveley,2
Shobe,2
Shoffstall,2
Shorts,2
Shull,2
Shutt,2
Silcott,2
Simson,2
Slaughter,2
Smedley,2
Sniff,2
South,2
Spafford,2
Sprinkle,2
Stanfield,2
Sterrett,2
Stilwell,2
Strait,2
Streight,2
Strickland,2
Strunk,2
Surry,2
Swank,2
Swearingen,2
Swearinger,2
Thomson,2
Thorp,2
Thurston,2
Tooley,2
Tooly,2
Topham,2
Tresige,2
Truitt,2
Uhrig,2
VanPelt,2
Venneman,2
Voskett,2
Waggoner,2
Wait,2
Wakefield,2
Waln,2
Wambold,2
Weatley,2
Weimer,2
Weir,2
Weldon,2
Wentworth,2
Wentz,2
Wiggins,2
Wilder,2
Wilkerson,2
Willison,2
Willkinson,2
Winegardner,2
Wirtz,2
Wolfe,2
Wolff,2
Woodford,2
Woodruff,2
Worth,2
Wulsin,2
Wulson,2
Wycoff,2
Yokes,2
Yount,2
Zahn,2
Ziegler,2
Zigler,2
Brice,2
Burnett,2
Demitt,2
Fahrion,2
Greininger,2
Hastings,2
Hoadley,2
Hodge,2
How,2
Humm,2
Killy,2
Kissel,2
Mace,2
Moats,2
Naylor,2
Rennard,2
Rennouard,2
Rennoward,2
Renouard,2
Renoward,2
Ruple,2
Schmehl,2
Searles,2
Singer,2
Sypher,2
Atkinson,2
Bachman,2
Barclay,2
Baum,2
Bean,2
Beard,2
Beaver,2
Bechtel,2
Betz,2
Biddle,2
Bingaman,2
Bird,2
Bitner,2
Bratton,2
Bricker,2
Bright,2
Brubaker,2
Bruce,2
Bucher,2
Calhoun,2
Cassidy,2
Cavanaugh,2
Childs,2
Christy,2
Clemens,2
Clouser,2
Connell,2
Coover,2
Coyle,2
Culbertson,2
Culp,2
Delaney,2
Dolan,2
Donohue,2
Dorsey,2
Dunbar,2
Early,2
Finney,2
Fitzpatrick,2
Forbes,2
Forney,2
Frantz,2
Garner,2
Gessler,2
Gleason,2
Gould,2
Greer,2
Grier,2
Grimes,2
Hagan,2
Hagerty,2
Hahn,2
Hammer,2
Hand,2
Harkins,2
Hazlett,2
Heck,2
Heffner,2
Herbert,2
Herman,2
Herr,2
Hetrick,2
Hoopes,2
Hurley,2
Kemper,2
Keck,2
Keffer,2
Keener,2
Keiser,2
Kephart,2
Kessler,2
Keyser,2
Kirkpatrick,2
Kohler,2
Koons,2
Kuhns,2
Kulp,2
Lafferty,2
Lake,2
Lightner,2
Linn,2
Lord,2
Lorenz,2
Low,2
Lowery,2
Maguire,2
Mahoney,2
Markle,2
Markley,2
Martz,2
McAllister,2
McCartney,2
McCord,2
McCracken,2
McCreary,2
McDermott,2
McElroy,2
McFarland,2
McFarland,2
McFerren,2
McGinley,2
McGowan,2
McGrath,2
McGraw,2
McHenry,2
McIntyre,2
McKeever,2
McKelvey,2
McKinley,2
McKnight,2
McLaughlin,2
McMahon,2
McMichael,2
McMillen,2
McMullen,2
McMullin,2
McWilliams,2
Metz,2
Middleton,2
Minnier,2
Monks,2
Musser,2
Neff,2
Newcomer,2
Ott,2
Pickering,2
Pollock,2
Pyle,2
Rader,2
Rambo,2
Rapp,2
Ream,2
Reichard,2
Reily,2
Ressler,2
Richey,2
Ritchie,2
Robson,2
Roney,2
Rowland,2
Royal,2
Sample,2
Seip,2
Sellers,2
Shaner,2
Shirk,2
Shoop,2
Sigfried,2
Smiley,2
Spence,2
Springer,2
Stackhouse,2
Stauffer,2
Stpehens,2
Sterling,2
Sterner,2
Stinson,2
Strickler,2
Stroup,2
Stull,2
Summers,2
Swisher,2
Taggart,2
Tate,2
Titus,2
Tomlinson,2
Tompkins,2
Trimble,2
Trout,2
Tyson,2
Ulrich,2
Vanhorn,2
Warnock,2
Wasson,2
Watt,2
Weidner,2
Weiss,2
Werner,2
Whitman,2
Wilhelm,2
Wimer,2
Witman,2
Yeakle,2
Abercrombie,1
Ammen,1
Asboth,1
Augur,1
Averell,1
Barlow,1
Bayard,1
Benham,1
Blenker,1
Blunt,1
Bohlen,1
Bragg,1
Brayman,1
Brooke,1
Buckland,1
Burbridge,1
Burnside,1
Bussey,1
Busteed,1
Canby,1
Carleton,1
Carrington,1
Chrysler,1
Clitz,1
Cluseret,1
Corse,1
Cowdin,1
Crocker,1
Crook,1
Croxton,1
Cruft,1
Cullum,1
Cutler,1
Dana,1
Delafield,1
Dent,1
Denver,1
Devens,1
Deitzler,1
Dobler,1
Doolittle,1
Doubleday,1
Duffie,1
Dumont,1
Duval,1
Dwight,1
Ellet,1
Eustis,1
Fairchild,1
Ferrero,1
Fremont,1
Garfield,1
Getty,1
Gibbon,1
Gillem,1
Gresham,1
Grierson,1
Grose,1
Hackleman,1
Halleck,1
Hamblin,1
Hardie,1
Harrow,1
Hartsuff,1
Hascall,1
Haupt,1
Haynie,1
Hazen,1
Hincks,1
Judah,1
Kautz,1
Kearny,1
Kenly,1
Kiernan,1
Knipe,1
Lander,1
Lauman,1
Ledlie,1
Lightburn,1
Lowell,1
Mackenzie,1
Maltby,1
Manson,1
Matthies,1
McArthur,1
McClernand,1
McKean,1
McNeil,1
Meagher,1
Meigs,1
Milroy,1
Moonlight,1
Morell,1
Mower,1
Naglee,1
Negley,1
Nickerson,1
Opdycke,1
Ord,1
Orme,1
Osterhaus,1
Parke,1
Pile,1
Pitcher,1
Pleasonton,1
Poe,1
Prentiss,1
Quinby,1
Raum,1
Rawlins,1
Revere,1
Ricketts,1
Rodman,1
Rosecrans,1
Rousseau,1
Rucker,1
Ruger,1
Salomon,1
Sanborn,1
Scammon,1
Schimmelfennig,1
Schoepf,1
Schurz,1
Sedgwick,1
Seward,1
Shackelford,1
Shepley,1
Sibley,1
Sickles,1
Sigel,1
Slemmer,1
Slough,1
Spinola,1
Stahel,1
Stannard,1
Starkweather,1
Steedman,1
Stolbrand,1
Stoneman,1
Stoughton,1
Stumbaugh,1
Sturgis,1
Sully,1
Sykes,1
Thruston,1
Tibbits,1
Tillson,1
Torbert,1
Totten,1
Tower,1
Turchaninov,1
Tyndale,1
Ullmann,1
Upton,1
Van Alen,1
Van Cleve,1
Van Derveer,1
Vandever,1
Van Vliet,1
Van Wyck,1
Veatch,1
Viele,1
Vogdes,1
Von Steinwehr,1
Walcutt,1
Wessells,1
Willich,1
Woodbury,1
Wool,1
Auger,1
Bellows,1
Blount,1
Bolt,1
Boorn,1
Campau,1
Clemmer,1
Coffman,1
Connero,1
Corselius,1
Dakin,1
Danby,1
Dubuy,1
DeBeauclair,1
Deyoe,1
Downie,1
Enwright,1
Facer,1
Farver,1
Gillispie,1
Goodale,1
Goodall,1
Greely,1
Haner,1
Hazelton,1
Heinmiller,1
Henkle,1
Hinman,1
Hubbell,1
Huntly,1
Irving,1
Jubb,1
Keals,1
Keats,1
Kidder,1
Kinzie,1
Krapf,1
La Bounty,1
Lapparl,1
Lawton,1
Lendo,1
Lando,1
Loud,1
McDermitt,1
Marshner,1
Mellings,1
Menter,1
Mevis,1
Myles,1
Morrill,1
Osterhout,1
Ousterhout,1
Peebles,1
Philpot,1
Retherford,1
Robbin,1
Rook,1
Ruton,1
Schmidlin,1
Servis,1
Shubert,1
Simins,1
Stringham,1
Studer,1
Teeple,1
Vanbrocklin,1
Vandenacker,1
Waggle,1
Waggler,1
Weydemeyer,1
Whitbeck,1
Wideroder,1
Wietzel,1
Weitzman,1
Willetts,1
Woolhouse,1
Woodhouse,1
Yielding,1
Althouse,1
Averill,1
Barby,1
Bedford,1
Beerline,1
Berge,1
Beyer,1
Boothe,1
Bourassa,1
Brayne,1
Brenmer,1
Burga,1
Burling,1
Cahoon,1
Cantine,1
Crispell,1
Dalmage,1
Demarce,1
Demaw,1
Denning,1
Drummore,1
Haag,1
Haug,1
Koster,1
Lansing,1
McDonely,1
Maxon,1
Meddaugh,1
Peel,1
Percival,1
Rayner,1
Redson,1
Reichel,1
Ridd,1
Schmeltzer,1
Schucker,1
Sovay,1
Sopht,1
Stiff,1
Vankoughnett,1
Whittemore,1
Agan,1
Alger,1
Beeman,1
Bignall,1
Bouldry,1
Chaffe,1
Cheney,1
Colon,1
Cornwell,1
Gaggett,1
Eberhard,1
Emmery,1
Estabrooks,1
Flitcroft,1
Groom,1
Havins,1
Helmer,1
Heringa,1
Hoak,1
Holbrook,1
Kitson,1
Kleeman,1
Leathers,1
Le Valley,1
McMeeken,1
McQuency,1
McQueeny,1
Maybee,1
Minch,1
Mocklencate,1
Moseman,1
Pangborn,1
Pheelan,1
Persons,1
Pound,1
Pullen,1
Quint,1
Rockafellow,1
Rubert,1
Sherer,1
Southwell,1
Stanard,1
Staring,1
Starking,1
Starring,1
Tiefenthal,1
Valeau,1
Vreeland,1
Wiesman,1
Wooden,1
Angell,1
Balow,1
Baty,1
Blink,1
Chancherty,1
Cotay,1
Delaforce,1
Dezalia,1
Dickerman,1
Erving,1
Herren,1
Heydenburk,1
Hill ,1
Kelling,1
Knobel,1
Kregg,1
Lennon,1
Liberney,1
Libbering,1
McCleliand,1
McMannus,1
Middaugh,1
Moe,1
Neason,1
Nero,1
Nowlin,1
Peterbaugh,1
Provost,1
Racine,1
Rapilee,1
Rawson,1
Rinke,1
Schweigert,1
Severance,1
Shilligan,1
Sommers,1
Teachworth,1
Van Sickle,1
Wardle,1
Barbour,1
Barse,1
Card,1
Clikeman,1
Colf,1
Calf,1
Collum,1
Comte,1
Dopp,1
Eisenbrey,1
Farrand,1
Knowlton,1
Lavalley,1
McQuin,1
Marble,1
Maslen,1
Mattingly,1
Patch,1
Bank,1
Scates,1
Slingerland,1
Wilbur,1
Stedg,1
Stickney,1
Sutherland,1
Vanburger,1
Voorheis,1
Youmans,1
Arbor,1
Auble,1
Beauregard,1
Beechard,1
Bevard,1
Brigham,1
Bulis,1
Cornelia,1
Crotty,1
Cryderman,1
Dalziel,1
Dancer,1
De Graw,1
Denton,1
Edie,1
Gibeau,1
Gooseman,1
Hutson,1
Hydon,1
Krauss,1
Lobdell,1
McCuen,1
Mabie,1
Magoon,1
Melendy,1
Niver,1
Palmerton,1
Pickett,1
Pixley,1
Probast,1
Purple,1
Radford,1
Rens,1
Sennett,1
Sorrick,1
Sweetman,1
Torrey,1
Utley,1
Whitford,1
Whitworth,1
Balcom,1
Brand,1
Carmichael,1
Crayon,1
Cristes,1
Densihore,1
Detman,1
Dyke,1
Eppner,1
Forsey,1
Freud,1
Guptail,1
Handburg,1
Harnes,1
Hassen,1
Hollohan,1
Hundley,1
Jenkin,1
Joslyn,1
Kothe,1
Lawless,1
Mallett,1
Martens,1
Mcquire,1
Meigarth,1
Mirse,1
Neirgarsh,1
O`Donneld,1
Orcutt,1
Orton,1
Oyer,1
Peeler,1
Pore,1
Praster,1
Pumphret,1
Purnphret,1
Queen,1
Raiburn,1
Ramsdale,1
Renwick,1
Saules,1
Schock,1
Schundgall,1
Shaughuessy,1
Silver,1
Slawson,1
Soper,1
Southworth,1
Spragg,1
Striden,1
Tierney,1
Trick,1
Vining,1
Weakley,1
Wyrick,1
Albin,1
Amux,1
Andrish,1
Athey,1
Athons,1
Athous,1
Bassler,1
Batim,1
Baurhouse,1
Bech,1
Beer,1
Booton,1
Bossard,1
Braman,1
Breitsprecher,1
Bullington,1
Cadman,1
Cobby,1
Collmer,1
Culligan,1
Ditzler,1
Dollen,1
Dove,1
Dunce,1
Dunz,1
Durant,1
Dysert,1
Eder,1
Essington,1
Everman,1
Fechner,1
Flora,1
Fluke,1
Folconer,1
Gamwood,1
Gemer,1
Genert,1
Geschwinder,1
Gex,1
Gleiche,1
Goddard,1
Grob,1
Grosh,1
Haggard,1
Hatchley,1
Hershire,1
Hitchit,1
Hoblett,1
Hollar,1
Knacht,1
Koeck,1
Langheld,1
Lankerman,1
Lehn,1
Leies,1
Lerche,1
Leutz,1
Lieb,1
Lingane,1
Louiver,1
Luper,1
Magae,1
Manchon,1
Mareau,1
Mathena,1
Mathys,1
Mcclelland,1
Mcgonay,1
Mcgurray,1
Mckay,1
Metcalf,1
Moffett,1
O`Turner,1
Olsen,1
Pauly,1
Pfiefer,1
Pierpont,1
Pittger,1
Reister,1
Robinett,1
Rust,1
Scantlin,1
Schneidergan,1
Schneiderman,1
See,1
Seiter,1
Shoesmith,1
Starnes,1
Steffin,1
Stephen,1
Tierce,1
Vermilion,1
Vording,1
Waidner,1
Westerfield,1
Zearing,1
Zick,1
Zimm,1
Zwissler,1
Abney,1
Adam,1
Aderhals,1
Ahrend,1
Amand,1
Avainus,1
Bachly,1
Behm,1
Bence,1
Birdwell,1
Boersig,1
Boeserbetter,1
Braun,1
Bruening,1
Brumbak,1
Bub,1
Buchholz,1
Cantrell,1
Den,1
Dietz,1
Doctor,1
Drescher,1
Duttenhofer,1
Eason,1
Ehrlick,1
Eichenberger,1
Eilt,1
Entz,1
Erbar,1
Falkenheimer,1
Fichter,1
Flannigan,1
Friedrich,1
Galligay,1
Gerhardt,1
Goeden,1
Grauss,1
Grayham,1
Grixby,1
Guebe,1
Gunnermann,1
Haberkorn,1
Haeser,1
Hahle,1
Hancke,1
Hanke,1
Hartmann,1
Heissecke,1
Herbig,1
Herpin,1
Hewlett,1
Hillmann,1
Hugenburg,1
Ilsemann,1
Jadowance,1
Jenne,1
Kassing,1
Kaub,1
Kiesel,1
Klingenberg,1
Knothe,1
Koening,1
Kramp,1
Kueffner,1
Kuntzmann,1
Lambrecht,1
Lamburtus,1
Lamprecht,1
Langenberg,1
Lenz,1
Lieber,1
Lippert,1
Luckner,1
Maedel,1
Malman,1
Masch,1
Mccabe,1
Meinhardt,1
Moak,1
Munch,1
Nadler,1
Neubert,1
Neumann,1
Newhouse,1
Nussbaumer,1
Oberts,1
Orhs,1
Pembleton,1
Pietz,1
Raehm,1
Rehfuss,1
Reitmann,1
Resch,1
Riedel,1
Riedell,1
Risler,1
Roehrwiem,1
Rollmann,1
Rumsey,1
Salzmann,1
Schaab,1
Schatt,1
Schellinger,1
Schemph,1
Schilli,1
Schmatz,1
Schmitt,1
Schoener,1
Schouller,1
Schwartzkopf,1
Schweitzer,1
Sepafermeyer,1
Shadewing,1
Spohnle,1
Staab,1
Stephan,1
Storch,1
Striegel,1
Summons,1
Sutter,1
Tatford,1
Thalbert,1
Theobald,1
Tungemann,1
Uehli,1
Vatter,1
Veidt,1
Vogt,1
Wamp,1
Weis,1
Wichard,1
Wishback,1
Benkeman,1
Blattier,1
Chadoin,1
Clotfelter,1
Dorris,1
Droesch,1
Dry,1
Dungy,1
Erickson,1
Grieger,1
Mcannelly,1
Mclean,1
Moake,1
Morain,1
Moynihan,1
Nicodemus,1
Phelts,1
Poteete,1
Powel,1
Qualls,1
Sharrock,1
Spillers,1
Taulbee,1
Weigart,1
Allstott,1
Bachelor,1
Basnett,1
Batchelor,1
Belcher,1
Bennell,1
Berrian,1
Bevins,1
Bissinger,1
Bivens,1
Bottoms,1
Brimingham,1
Burgh,1
Buttoms,1
Calvey,1
Calvy,1
Catts,1
Cousley,1
Cristen,1
Crookston,1
Dallam,1
Daran,1
Dislear,1
Endicott,1
Fitchner,1
Friday,1
Froehlich,1
Galion,1
Glover,1
Greenleaf,1
Hamback,1
Harfoot,1
Hayward,1
Heftner,1
Heun,1
Hofendick,1
Hoxsy,1
Hultz,1
Husten,1
Jarman,1
Joy,1
Kear,1
Kinsloe,1
Krieger,1
Lampher,1
Mappin,1
Mappins,1
Mccain,1
Mcclain,1
Mcenally,1
Mcgowan,1
Mclauchlin,1
Mcneal,1
Mcpherson,1
Mixer,1
Odendahl,1
Owings,1
Peacock,1
Polk,1
Prother,1
Rains,1
Rammel,1
Rudenshold,1
Salyer,1
Scarritt,1
Scroggins,1
Smelly,1
Sorrels,1
Speakman,1
St Andrus,1
Stigart,1
Tuthill,1
Unlen,1
Vockel,1
Weiland,1
Welton,1
Whetten,1
Yeldell,1
Almon,1
Ballard,1
Bascom,1
Bashares,1
Beacham,1
Bostwick,1
Breese,1
Bunch,1
Burkett,1
Burkhard,1
Caraway,1
Carsen,1
Caudell,1
Causey,1
Colclasier,1
Dilley,1
Driskell,1
Elrod,1
Fenly,1
Finimore,1
Furder,1
Gennaine,1
Germaine,1
Goodbrake,1
Goodrake,1
Halsted,1
Harison,1
Henley,1
Henshaw,1
Herdey,1
Kesler,1
Knightwine,1
Langdale,1
Lawrance,1
Lebron,1
Leith,1
Leppard,1
Linville,1
Maher,1
Mathis,1
Maybry,1
Mcbride,1
Mcconkey,1
Mcgirt,1
Mcguirt,1
Mcinray,1
Mcquillen,1
Mcquiller,1
Merrigold,1
Morin,1
Mullinax,1
Nifong,1
Pancoast,1
Parkinson,1
Payton,1
Pieronette,1
Plater,1
Plott,1
Powis,1
Pummell,1
Riker,1
Rodrig,1
Ronsay,1
Rushin,1
Shirts,1
Shrieves,1
Sim,1
Sivia,1
Sowards,1
Staten,1
Stedman,1
Swick,1
Tomalson,1
Troter,1
Vestal,1
Viller,1
Wadkins,1
Weddell,1
Wilton,1
Wisehart,1
Woolsey,1
Yeocom,1
Austine,1
Bahevel,1
Bahn,1
Bahwell,1
Beckert,1
Beesley,1
Boardway,1
Brandis,1
Breigle,1
Brunson,1
Buman,1
Caille,1
Cookson,1
Delaunay,1
Dietrich,1
Dildine,1
Dinger,1
Eberhardt,1
Ehman,1
Ehmann,1
Esser,1
Freis,1
Fullen,1
Fullon,1
Gavigan,1
Glenat,1
Gottschalk,1
Groshans,1
Gruenewald,1
Haguy Of Hagey,1
Hardwick,1
Hellmann,1
Hopp,1
Hoppe,1
Inman,1
Kain,1
Kerfner,1
Kippenhan,1
Kleine,1
Klenck,1
Klenk,1
Kloenne,1
Klovene,1
Koppen,1
Kurth,1
Laillal,1
Langenbach,1
Lanton,1
Lauch,1
Lauck,1
Lauper,1
Limper,1
Luttman,1
Mahony,1
Mcarthur,1
Mccrae,1
Mccrea,1
Mcdade,1
Mclaren,1
Mcmaster,1
Mitch,1
Mitsch,1
Mullman,1
Mumm,1
Neurbergh,1
Neurburgh,1
Nevrill,1
Otten,1
Pfund,1
Prill,1
Quinten,1
Quintin,1
Raik,1
Ramer,1
Razel,1
Rippin,1
Rockhardt,1
Rourke,1
Ruckhart,1
Ruslington,1
Salzer,1
Sanzberg,1
Scheerer,1
Schlien,1
Schlurer,1
Scofield,1
Seigenfuss,1
Seitsberg,1
Seitsbergh,1
Sheerer,1
Siegenfuss,1
Sincock,1
Smarbach,1
Sneider,1
Solzer,1
Speth,1
Stibbins,1
Suter,1
Van Court,1
Voss,1
Zeiler,1
Zitka,1
Alden,1
Angelope,1
Barter,1
Bochus,1
Boldry,1
Bonney,1
Chesley,1
Chessley,1
Colauska,1
Daw,1
Duffin,1
Echart,1
Frisbie,1
Garlick,1
Jenks,1
Ladler,1
Leiser,1
Lingin,1
Mcgee,1
Mcintosh,1
Ponsonby,1
Proll,1
Russing,1
Scroder,1
Shafort,1
Shears,1
Symonds,1
Thurber,1
Bankston,1
Banning,1
Bisbee,1
Bisbey,1
Blythe,1
Boldman,1
Boroff,1
Bostic,1
Brawley,1
Cundiff,1
Danley,1
Drury,1
Durbin,1
Dwyre,1
Earls,1
East,1
Elam,1
Gilbon,1
Halford,1
Hamel,1
Heartley,1
Herst,1
Isbell,1
Jay,1
Jewitt,1
Keeton,1
Lovejoy,1
Lozier,1
Meeter,1
Percy,1
Persinger,1
Pohlman,1
Rayburn,1
Record,1
Scelover,1
Shumway,1
Stines,1
Sweat,1
Tebo,1
Tetrich,1
Truster,1
Tunisin,1
Axtell,1
Beswick,1
Conkling,1
Declere,1
Drain,1
Enders,1
Forquer,1
Hammar,1
Hartgrove,1
Henricks,1
Heston,1
Hightower,1
Landon,1
Ostrom,1
Pence,1
Premer,1
Randles,1
Ryner,1
Samuels,1
Shugart,1
Spratt,1
Staats,1
Sweely,1
Terpening,1
Terrel,1
Tolman,1
Trantvetter,1
Trible,1
Warrington,1
Atridge,1
Balfour,1
Bier,1
Buckminster,1
Colllins,1
Corser,1
Crince,1
Cutshaw,1
Darrell,1
Demmon,1
Felix,1
Flanders,1
Forster,1
Giss,1
Griswold,1
Hallock,1
Hannon,1
Hardinge,1
Hipwells,1
Jelly,1
Lahman,1
Linders,1
Litchfield,1
Louden,1
Lowden,1
Magel,1
Mcnider,1
Minsterman,1
Mosser,1
Mowers,1
Muir,1
Pabst,1
Packard,1
Peman,1
Pharo,1
Porthast,1
Schoff,1
Sensor,1
Shapter,1
Stocks,1
Trinnon,1
Vonrichton,1
Weeder,1
Abby,1
Aberdeen,1
Abfy,1
Abram,1
Abrams,1
Akens,1
Akins,1
Aldrege,1
Aldrige,1
Alensworth,1
Allensworth,1
Alltick,1
Altic,1
Altick,1
Alton,1
Amsbaugh,1
Amstutz,1
Amstuv,1
Anderholt,1
Anitelloppe,1
Anitelopp,1
Aniteloppe,1
Annstutze,1
Anspough,1
Apgar,1
Apger,1
Apgha,1
Apghar,1
Appedaris,1
Appedearis,1
Appederis,1
Apperdaris,1
Apthap,1
Apthorp,1
Apthorpe,1
Armintrout,1
Arnintrout,1
Arther,1
Ashba,1
Ashby,1
Aspenall,1
Aspinall,1
Aubry,1
Aumspach,1
Aunspaugh,1
Auther,1
Aydlodte,1
Aydlotte,1
Babbil,1
Babbitt,1
Backentoe,1
Bailis,1
Bales,1
Balice,1
Balis,1
Barbero,1
Bardo,1
Bards,1
Barkstresser,1
Baron,1
Barrack,1
Barrenger,1
Barrere,1
Barrick,1
Basinger,1
Bassette,1
Bassinger,1
Bassore,1
Batzer,1
Baucher,1
Bauman,1
Baumgardner,1
Baumguardner,1
Baxley,1
Baxly,1
Bayles,1
Bazer,1
Beandenburgh,1
Beaser,1
Beattie,1
Beebout,1
Beher,1
Behr,1
Beidle,1
Belt,1
Benadum,1
Bennadum,1
Bennedict,1
Bennet,1
Benns,1
Benroth,1
Berk,1
Berkstresser,1
Berrie,1
Berringer,1
Bickby,1
Bickett,1
Bickly,1
Bidle,1
Binroth,1
Birch,1
Birtle,1
Blackamore,1
Blackman,1
Blackson,1
Blackwell,1
Blakemare,1
Blakemorr,1
Blanchett,1
Blankner,1
Blazie,1
Bleekman,1
Blenkner,1
Blood,1
Bloomer,1
Bodkin,1
Bodkins,1
Boehm,1
Boehme,1
Boham,1
Bohleber,1
Bohleper,1
Bolin,1
Bonar,1
Bone,1
Bonnar,1
Bonnett,1
Bonson,1
Booher,1
Boon,1
Boram,1
Borger,1
Bortle,1
Borton,1
Bosworth,1
Botkin,1
Botkins,1
Botts,1
Boucker,1
Bouker,1
Bounds,1
Bowe,1
Bownds,1
Brackin,1
Brackon,1
Brakenseich,1
Branan,1
Brandonburg,1
Branen,1
Brannen,1
Brecensick,1
Breckensick,1
Breyan,1
Brick,1
Brickel,1
Brickley,1
Bridge,1
Briekle,1
Brindley,1
Britten,1
Brittun,1
Brockaway,1
Brockway,1
Broughon,1
Browning,1
Brybee,1
Buchannan,1
Buckhart,1
Bumgardner,1
Bundy,1
Burbrink,1
Burkstresser,1
Burly,1
Burnet,1
Burten,1
Bybee,1
Byerley,1
Byrkett,1
Cable,1
Camell,1
Cammel,1
Camren,1
Camron,1
Canada,1
Canaday,1
Canaga,1
Canren,1
Capern,1
Caperon,1
Capper,1
Capron,1
Carder,1
Carnall,1
Carrey,1
Casebeer,1
Casteel,1
Casteele,1
Castello,1
Caton,1
Cavender,1
Cedden,1
Ceden,1
Chafee,1
Chaffee,1
Chamberland,1
Chambless,1
Champion,1
Chaney,1
Chollar,1
Chorpening,1
Chorpenning,1
Chrisman,1
Chromer,1
Clapp,1
Clapsaddle,1
Claudius,1
Clefflen,1
Cleflen,1
Cleflin,1
Clerk,1
Cliff,1
Cliffe,1
Clisco,1
Clise,1
Clum,1
Coan,1
Coate,1
Cochoran,1
Colvin,1
Comley,1
Conaga,1
Conan,1
Conard,1
Conery,1
Congor,1
Conn,1
Connolloy,1
Conrey,1
Conrod,1
Coock,1
Coomer,1
Copper,1
Coppoc,1
Cornall,1
Corpe,1
Corpening,1
Corwin,1
Costin,1
Costine,1
Cotton,1
Couen,1
Cowgill,1
Cown,1
Cox,1
Craemer,1
Crafford,1
Crain,1
Crainor,1
Crampton,1
Crandal,1
Craner,1
Cranford,1
Cranor,1
Crauford,1
Creasey,1
Creators,1
Creed,1
Crein,1
Cretors,1
Crewsaw,1
Crewson,1
Crippen,1
Croniger,1
Croninger,1
Cronniger,1
Crosier,1
Crosin,1
Crowford,1
Crsss,1
Culler,1
Cumming,1
Cure,1
Dachenhausen,1
Dachenheson,1
Dackenhausen,1
Dallman,1
Danforth,1
Darmer,1
Darna,1
Daufort,1
Deardooff,1
Dearen,1
Dearey,1
Dearwester,1
Debold,1
Dechenhausen,1
Dechenhauser,1
Dechenhousen,1
Dechenhouser,1
Deckenhouser,1
Deckey,1
Deerwester,1
Deeter,1
Deevers,1
Dehl,1
Deibold,1
Dejean,1
Delande,1
Delano,1
Demast,1
Demaust,1
Demerge,1
Demon,1
Demond,1
Demonge,1
Denison,1
Derrick,1
Derstine,1
Derwalt,1
Deucher,1
Deuscher,1
Devere,1
Dewyant,1
Dickerhoof,1
Diebold,1
Dils,1
Dilworth,1
Dimmick,1
Dingler,1
Dinkerhoof,1
Disckerhoof,1
Doane,1
Dobbs,1
Doerr,1
Doil,1
Dolboro,1
Dolbow,1
Dollman,1
Donalds,1
Donalson,1
Donebarger,1
Donkold,1
Donnel,1
Donovon,1
Doren,1
Dorna,1
Dorney,1
Doron,1
Dott,1
Dowan,1
Down,1
Drage,1
Drainer,1
Drais,1
Draise,1
Dreye,1
Droper,1
Druggeck,1
Druggest,1
Druggist,1
Druir,1
DuBois,1
Duddley,1
Duffner,1
Dunbobe,1
Dunckle,1
Dunfee,1
Dunfild,1
Dunivon,1
Dunkel,1
Dunkold,1
Dunlobe,1
Dunlole,1
Dunlope,1
Dunovan,1
Durkle,1
Duswald,1
Ealy,1
Earheart,1
Easterood,1
Eastmen,1
Eastmond,1
Eberling,1
Ecchard,1
Edge,1
Edney,1
Eearhart,1
Elberling,1
Ellson,1
Elson,1
Emert,1
Emmert,1
Enbodey,1
Enbody,1
Endbody,1
Engels,1
Engles,1
Ensighn,1
Ensign,1
Ervin,1
Estel,1
Estell,1
Estelle,1
Estill,1
Estle,1
Estler,1
Estmon,1
Esty,1
Eveard,1
Evens,1
Everard,1
Evered,1
Everich,1
Failor,1
Fairman,1
Falor,1
Faltz,1
Fankell,1
Farrar,1
Farrish,1
Faulk,1
Faylor,1
Feasel,1
Feiddler,1
Feidler,1
Felten,1
Felton,1
Fenters,1
Fentress,1
Ferrish,1
Fetters,1
Fickers,1
Fiedler,1
Fiend,1
Fist,1
Fithan,1
Fithen,1
Fithm,1
Fittro,1
Flickaker,1
Flickiker,1
Flitch,1
Floro,1
Flouers,1
Folly,1
Foot,1
Forest,1
Fort,1
Forte,1
Fortner,1
Foskett,1
Fough,1
Foulke,1
Fourd,1
Fout,1
Fraker,1
Frease,1
Freebum,1
Freese,1
Freeze,1
Freidman,1
Friedman,1
Frietman,1
Frieze,1
Funks,1
Furgenson,1
Furgson,1
Furguson,1
Furnace,1
Furnas,1
Furnis,1
Gaffney,1
Gaghagam,1
Gahagan,1
Gahagen,1
Gallespie,1
Garachini,1
Garanchini,1
Garaschini,1
Gardener,1
Garenchini,1
Garinschina,1
Garischini,1
Garling,1
Garonchine,1
Gartlan,1
Gartland,1
Garton,1
Gaskill,1
Gatlin,1
Gatlun,1
Gebert,1
Gebest,1
Gehlers,1
Geibe,1
Geibel,1
Geible,1
Geil,1
Geirhard,1
Gelvin,1
Gennon,1
Gensel,1
Geodhart,1
Geoghegan,1
Geoghegen,1
Georhart,1
Gerheart,1
Gessir,1
Getze,1
Giable,1
Gibb,1
Giebe,1
Gieble,1
Giel,1
Gilb,1
Ginn,1
Girhard,1
Givens,1
Givins,1
Givvins,1
Gizer,1
Gladman,1
Glarders,1
Glardon,1
Glasdon,1
Glinken,1
Glinkin,1
Goard,1
Godsay,1
Godsey,1
Godsy,1
Goe,1
Goldsberry,1
Goldsbery,1
Goldsbury,1
Gons,1
Goodbarn,1
Goodbarne,1
Goodburne,1
Gooderich,1
Gooss,1
Gordun,1
Gormon,1
Gotlin,1
Gotts,1
Gouge,1
Grammsin,1
Granor,1
Granur,1
Grapes,1
Graziana,1
Graziani,1
Gribben,1
Gribbin,1
Griffeth,1
Griggs,1
Grinan,1
Grinstad,1
Grinstead,1
Griss,1
Grow,1
Gudgeon,1
Guider,1
Guilb,1
Guise,1
Gunkel,1
Gunkle,1
Gurhoff,1
Gurman,1
Hackson,1
Haff,1
Haffer,1
Hagerman,1
Hailing,1
Hais,1
Haling,1
Hallam,1
Halliday,1
Halm,1
Halse,1
Hamam,1
Hamelton,1
Hameric,1
Hamerick,1
Hammeld,1
Hampson,1
Handershill,1
Hannagan,1
Hannun,1
Hanscomb,1
Hanscon,1
Harbolt,1
Hard,1
Harddener,1
Hardesty,1
Hardner,1
Hardsock,1
Harlen,1
Harly,1
Harriman,1
Harrold,1
Harten,1
Hartsock,1
Harwood,1
Hasell,1
Hasse,1
Hathiwy,1
Hathoway,1
Hauber,1
Haudenshilt,1
Haudershilt,1
Hayman,1
Haymer,1
Hayner,1
Haynor,1
Hazell,1
Hazlewood,1
Hector,1
Heerold,1
Heines,1
Heitzler,1
Helmick,1
Hemric,1
Hendson,1
Henke,1
Hensley,1
Hensly,1
Heold,1
Hepfer,1
Hereld,1
Herendeen,1
Herendene,1
Herld,1
Herndeen,1
Herrendeen,1
Herrman,1
Hesse,1
Hetzler,1
Hewett,1
Hewit,1
Heyes,1
Hice,1
Hichel,1
Hidy,1
Hignutt,1
Hilchel,1
Hildebrant,1
Hilldebrand,1
Hille,1
Himberger,1
Hine,1
Hinkly,1
Hins,1
Hinzman,1
Hirowld,1
Hissever,1
Hitch,1
Hixson,1
Hockinberry,1
Hockingberry,1
Hoffsaess,1
Hofman,1
Hoiser,1
Holder,1
Holdrige,1
Holinger,1
Holladay,1
Hollingsworth,1
Hollinsworth,1
Holscher,1
Holsher,1
Holzman,1
Honey,1
Hoobler,1
Hoofman,1
Hoovey,1
Hopping,1
Hor,1
Hosier,1
Houdenshilt,1
Houel,1
Houghton,1
Housel,1
Housman,1
Howarth,1
Howland,1
Howle,1
Howser,1
Hoyle,1
Hubard,1
Huchison,1
Hufford,1
Hugle,1
Hulett,1
Hulit,1
Hullett,1
Hulsenan,1
Hulsman,1
Hulsmon,1
Humbert,1
Humphreville,1
Hurlburt,1
Hussey,1
Hutchens,1
Hutchins,1
Huth,1
Hutsel,1
Hutsell,1
Hutzel,1
Ijams,1
Imhoff,1
Inbody,1
Indermele,1
Inhoff,1
Innis,1
Intermela,1
Inwall,1
Inwalle,1
Ivory,1
Jacobsin,1
Jacobson,1
Janes,1
Jasper,1
Jeffreys,1
Jeffris,1
Jervis,1
Jessons,1
Jinkens,1
Jolley,1
Jorden,1
Jourdan,1
Jourden,1
Justus,1
Kaehl,1
Kahel,1
Kamerer,1
Kanfelt,1
Kashmer,1
Kashner,1
Kauffelt,1
Kayler,1
Kaylor,1
Kean,1
Kears,1
Kehrens,1
Kempfield,1
Kendle,1
Keneda,1
Kenelty,1
Kenerdy,1
Kennady,1
Kenneda,1
Kennelty,1
Kesinger,1
Kessinger,1
Ketterman,1
Keyworth,1
Kibbey,1
Kiefer,1
Kies,1
Kilborn,1
Kilcoin,1
Kilgour,1
Kind,1
Kindle,1
Kingcade,1
Kingcaid,1
Kingman,1
Kinnie,1
Kinsel,1
Kinzel,1
Kirkhart,1
Kirkland,1
Kitterman,1
Klaustermeyer,1
Klaustermoyer,1
Kloastermeyr,1
Kluy,1
Knall,1
Knee,1
Knotts,1
Koehne,1
Kolkmeier,1
Kolkmeir,1
Kolkmier,1
Kolkmyer,1
Kopp,1
Korten,1
Korton,1
Krahl,1
Laizer,1
Lakins,1
Lamphir,1
Lamphre,1
Landrey,1
Landry,1
Langley,1
Lapear,1
Laremer,1
Larison,1
Lask,1
Lasley,1
Laslie,1
Latham,1
Laurence,1
Lawyer,1
Lazier,1
Leak,1
Leake,1
Learry,1
Leatherer,1
Ledurf,1
Legget,1
Leidke,1
Leidkey,1
Leidruf,1
Leiter,1
Lemer,1
Lemmer,1
Lenner,1
Lenord,1
Lepage,1
Lepear,1
Lerke,1
Letherer,1
Leuiso,1
Leuty,1
Lidkey,1
Lidruf,1
Lidurf,1
Liedorff,1
Liens,1
Liget,1
Ligett,1
Limes,1
Lind,1
Lions,1
Lisle,1
Lively,1
Llangley,1
Loder,1
Lonahbarger,1
Lonahberger,1
Loneberger,1
Lonerbarger,1
Lonohbarger,1
Looker,1
Lorance,1
Lother,1
Lothes,1
Louks,1
Lush,1
Lyle,1
Lysle,1
Macky,1
Maddock,1
Maggesse,1
Maggsse,1
Magsse,1
Maiden,1
Mallsberry,1
Malsbarry,1
Malsberry,1
Malsbery,1
Malsbury,1
Malson,1
Malsury,1
Managhan,1
Manahan,1
Manay,1
Mannahan,1
Manny,1
Manuel,1
Maple,1
Marghart,1
Markell,1
Maroth,1
Marquantaylor,1
Marquert,1
Marquett,1
Marrett,1
Mars,1
Martaindale,1
Marten,1
Marth,1
Martindall,1
Marting,1
Matheney,1
Mattoon,1
Mattox,1
McCartey,1
McCartty,1
McChesnor,1
McClaren,1
McClelan,1
McComber,1
McConahy,1
McCondless,1
McCrellis,1
McCrilis,1
McCrillis,1
McCrisllis,1
McCumber,1
McDaniel,1
McDaniels,1
McDermit,1
McDermith,1
McDirmit,1
McDowall,1
McEller,1
McElligott,1
McElvain,1
McElwaine,1
McFaden,1
McGlincy,1
McGohan,1
McGohen,1
McKellar,1
McKeller,1
McKinna,1
McKinsie,1
McKinsy,1
McKinzie,1
McKiras,1
McKivan,1
McLaghlin,1
McLauglin,1
McLellan,1
McLoud,1
McMasters,1
McMerchy,1
McMurchy,1
McSweegin,1
McSwegin,1
Meader,1
Meaney,1
Meder,1
Megerth,1
Meggesse,1
Megrath,1
Meney,1
Merchant,1
Merideith,1
Merion,1
Merk,1
Merrell,1
Merrion,1
Metheney,1
Metheny,1
Metier,1
Mettzgar,1
Meyres,1
Michals,1
Micheals,1
Michel,1
Miler,1
Millikan,1
Millikin,1
Milliman,1
Minker,1
Mires,1
Moccabee,1
Modern,1
Moderwell,1
Mohler,1
Moller,1
Monegan,1
Monighan,1
Moony,1
Morett,1
Morfoat,1
Morfoot,1
Morgantaylor,1
Morganthaler,1
Morison,1
Morrett,1
Morsh,1
Mortan,1
Mortman,1
Mote,1
Mowyer,1
Mufford,1
Mulferd,1
Mullenix,1
Mulligan,1
Munbower,1
Muntz,1
Murchant,1
Murnbower,1
Murrell,1
Murrick,1
Murrill,1
Murthway,1
Musgrave,1
Musson,1
Mussun,1
Nardeni,1
Nardine,1
Nardini,1
Nedry,1
Neefer,1
Neifer,1
Nelas,1
Nelis,1
Nesly,1
Nessley,1
Nestey,1
Nevins,1
Newport,1
Nidy,1
Niesley,1
Nigh,1
Nolestime,1
Nolestine,1
Notestine,1
Nott,1
Nowland,1
Nunnamaker,1
Nunnamer,1
Nunnanmaker,1
Nunnemaker,1
O`Grady,1
O`Hara,1
O`Meara,1
Oates,1
Oats,1
Obercline,1
Oberkline,1
Odonalds,1
Ograda,1
Ohara,1
Ohmara,1
Omelia,1
Omen,1
Osgood,1
Oster,1
Ostrender,1
Othway,1
Otway,1
Pacey,1
Pacy,1
Padden,1
Paden,1
Paders,1
Pafaff,1
Pain,1
Paisley,1
Paisly,1
Palsgrove,1
Pardee,1
Parkason,1
Parkerson,1
Parret,1
Parrish,1
Parrit,1
Parrot,1
Parrott,1
Parter,1
Pask,1
Paster,1
Pastor,1
Paterson,1
Patty,1
Payden,1
Peairs,1
Pears,1
Pees,1
Pemberton,1
Penney,1
Pervines,1
Phileps,1
Philleps,1
Phinney,1
Phinny,1
Phores,1
Piddy,1
Piere,1
Pigman,1
Piles,1
Plumer,1
Plumley,1
Plumly,1
Poland,1
Polond,1
Pond,1
Posner,1
Prescott,1
Priddy,1
Primer,1
Primmer,1
Probert,1
Provines,1
Purcel,1
Purcil,1
Purcille,1
Quinlan,1
Raabe,1
Raaby,1
Radding,1
Rafferty,1
Rambaugh,1
Rany,1
Raushaw,1
Raw,1
Raxter,1
Raymond,1
Readding,1
Reagan,1
Reany,1
Reany,1
Rechel,1
Rector,1
Redd,1
Reddick,1
Reding,1
Redings,1
Rei,1
Reible,1
Reichley,1
Reiger,1
Reinnick,1
Remmington,1
Ren,1
Rencheller,1
Renneck,1
Rennick,1
Renscheller,1
Renschler,1
Rentchler,1
Repetoy,1
Reptoy,1
Reslen,1
Ress,1
Retschler,1
Rhinehamer,1
Rhoderick,1
Rhodhamel,1
Rhone,1
Richetts,1
Richy,1
Rickard,1
Rickits,1
Riebel,1
Rieble,1
Riggin,1
Rinehamer,1
Rinehaner,1
Riorden,1
Riordon,1
Ritenour,1
Rittenour,1
Robenson,1
Robie,1
Rodd,1
Rodehamel,1
Roderick,1
Rodes,1
Roggers,1
Rolister,1
Rollester,1
Rollister,1
Rolph,1
Roper,1
Rork,1
Roselle,1
Rouk,1
Roxster,1
Roxter,1
Rozell,1
Ruchell,1
Rudder,1
Rumbough,1
Rusk,1
Rutlege,1
Ryder,1
Saams,1
Sackman,1
Saladin,1
Salaman,1
Salamon,1
Salasberry,1
Salasbury,1
Salesbury,1
Salisbury,1
Sampsen,1
Sartorious,1
Sartorius,1
Satorious,1
Savits,1
Savitts,1
Savitz,1
Sayre,1
Scanlan,1
Schanck,1
Scheffback,1
Scheffbuch,1
Scheffluck,1
Schender,1
Schiender,1
Schilling,1
Schinbel,1
Schlabach,1
Schlotterbeek,1
Schmelzer,1
Schnck,1
Schnebley,1
Schnebly,1
Schnider,1
Schoffer,1
Schrack,1
Schreckengaust,1
Schreckenghaust,1
Seabold,1
Seabolt,1
Seagrave,1
Seagraves,1
Sebold,1
Sekinger,1
Serger,1
Setrick,1
Sevoy,1
Seymoure,1
Shaffbuch,1
Shaffstall,1
Shallabarger,1
Shally,1
Shattoch,1
Shattock,1
Shattuck,1
Shatuck,1
Shebe,1
Sheehy,1
Sheffbuck,1
Shehey,1
Shehy,1
Sheir,1
Shelenbarger,1
Shelenberger,1
Shellabarger,1
Shellaberger,1
Shellebarger,1
Shellenbarger,1
Shemer,1
Sherricks,1
Shiply,1
Shire,1
Shires,1
Shively,1
Shlaughterbeck,1
Shoe,1
Shoefer,1
Shoemacher,1
Shrack,1
Shreckengaust,1
Shrom,1
Shufbaugh,1
Shufbuch,1
Shuffbauch,1
Shuffbuck,1
Shumard,1
Shunk,1
Shurtleff,1
Shurtliff,1
Skeggs,1
Skeldon,1
Slaider,1
Slatterback,1
Slatterbuck,1
Slauerbeck,1
Slaugherbeck,1
Slaughterbeck,1
Slider,1
Sloane,1
Sloop,1
Slotterbeck,1
Sly,1
Smart,1
Smeadley,1
Smedly,1
Smetzer,1
Snevil,1
Snivel,1
Snivle,1
Soladin,1
Solmon,1
Sonaistine,1
Sonantine,1
Songer,1
Sonnanstine,1
Spaeth,1
Speas,1
Speath,1
Sprang,1
Squiers,1
Stabler,1
Staeley,1
Stailey,1
Stanford,1
Stansbery,1
Stanter,1
Starner,1
Stauferman,1
Staufferman,1
Stausberry,1
Stausbury,1
Stauter,1
Steadle,1
Steal,1
Stearn,1
Stearnes,1
Stearns,1
Steeddle,1
Steedel,1
Steily,1
Steine,1
Steineour,1
Steinle,1
Steinour,1
Steinoure,1
Steirle,1
Steirley,1
Steirlie,1
Sterdel,1
Sterlie,1
Sterritt,1
Stetler,1
Stetter,1
Stettler,1
Stetzlein,1
Stiedel,1
Stierle,1
Stilzlein,1
Stilzline,1
Stineneour,1
Stinenour,1
Stineour,1
Stiner,1
Stitzlein,1
Stitzline,1
Stockdale,1
Stofferman,1
Storer,1
Storey,1
Stouch,1
Stouter,1
Strackland,1
Strader,1
Strahl,1
Straley,1
Straly,1
Streck,1
Strock,1
Strode,1
Stults,1
Stultz,1
Sunanstine,1
Surrey,1
Swamley,1
Swamly,1
Swarmley,1
Swigart,1
Swing,1
Table,1
Taebel,1
Taeble,1
Taphorn,1
Tedraw,1
Tedrow,1
Teichman,1
Tery,1
Tetrick,1
Tettrick,1
Thailor,1
Thaler,1
Thayler,1
Thaylor,1
Thornbay,1
Thornberry,1
Thornly,1
Tianan,1
Tibbs,1
Tichman,1
Tiday,1
Tidball,1
Tidy,1
Timmons,1
Tinan,1
Tirrell,1
Tirrill,1
Tooker,1
Tounley,1
Tousley,1
Townesley,1
Townley,1
Townsly,1
Towsley,1
Traver,1
Treat,1
Treeman,1
Treman,1
Tresiege,1
Tuder,1
Tudor,1
Tullis,1
Tully,1
Twedle,1
Tweedale,1
Tweedle,1
Tweedler,1
Tylor,1
Ustick,1
Vallz,1
Valtz,1
Vanansdol,1
Vanasdol,1
Vangundy,1
Vanosdol,1
Vanwermer,1
Vanwiler,1
Vanwormer,1
Veader,1
Veneman,1
Vial,1
Viall,1
Vile,1
Viol,1
Violet,1
Voers,1
Vokle,1
Volk,1
Volke,1
Volkel,1
Voltz,1
Vonweiler,1
Vonweiller,1
Vores,1
Vorhese,1
Vorhis,1
Vowiller,1
Wadey,1
Wadig,1
Waduy,1
Wahmhoff,1
Waide,1
Waldo,1
Waldow,1
Wallard,1
Walldo,1
Walling,1
Wallis,1
Walm,1
Wambolt,1
Wamhoff,1
Wanbold,1
Warg,1
Warning,1
Watering,1
Watring,1
Watsen,1
Wattering,1
Wax,1
Weaner,1
Weary,1
Weever,1
Wehmer,1
Weisenberger,1
Weisenburger,1
Weissenberger,1
Welden,1
Wetherby,1
Weyer,1
Whambolt,1
Wheatley,1
Wheatly,1
Whelan,1
Whidden,1
While,1
Whipps,1
Whithrow,1
Wichcraft,1
Wilham,1
Wilkison,1
Willber,1
Willeard,1
William,1
Williard,1
Willitts,1
Willoby,1
Willoughby,1
Willur,1
Wilshear,1
Wince,1
Winegar,1
Winens,1
Winstrow,1
Wintro,1
Wintroe,1
Wintrow,1
Wire,1
Wirt,1
Witcraft,1
Wolcott,1
Wolcutt,1
Wolen,1
Woln,1
Wombold,1
Wombolt,1
Woodard,1
Woody,1
Woolcott,1
Woolf,1
Worner,1
Wottoring,1
Wurrell,1
Wyatt,1
Yager,1
Yeoman,1
Youart,1
Yoyst,1
Zahum,1
Zimbusch,1
Zimbush,1
Zuber,1
Zuler,1
Zumbesh,1
Zumbusch,1
Alms,1
Axford,1
Backle,1
Bechel,1
Binehour,1
Binehower,1
Binhour,1
Birnhower,1
Blankford,1
Broa,1
Burnam,1
Cardie,1
Carol,1
Caroy,1
Carvey,1
Comey,1
Cowreer,1
Cowser,1
Dalglish,1
Dauman,1
Demilt,1
Diedrich,1
Diedrick,1
Disbro,1
Disbrow,1
Dutter,1
Erhard,1
Fabried,1
Fahnen,1
Fahriod,1
Fast,1
Faste,1
Feem,1
Fenfil,1
Findley,1
Flohra,1
Florhra,1
Gellecher,1
Goodyear,1
Gooyear,1
Gott,1
Gruninger,1
Guilford,1
Hickock,1
Hickocks,1
Hickok,1
Hoadly,1
Hugeny,1
Ives,1
Jabolt,1
Jaboot,1
Jabott,1
Kerobs,1
Kertzdon,1
Kretzdom,1
Kretzdorn,1
Kretzestone,1
Kritzdow,1
Kustner,1
LaClere,1
Lankaster,1
Lankester,1
LeClear,1
LeClere,1
Leppar,1
Lepper,1
Lewhellen,1
Lewhellin,1
Linham,1
Linhan,1
Linkham,1
Llewhellen,1
Llewhellin,1
Luster,1
Mangelman,1
Mc Nani,1
Mc Nuni,1
McCowen,1
McIllrath,1
McIlrath,1
McKintry,1
McKinty,1
McVain,1
Morney,1
Morres,1
Motes,1
Nakle,1
Nerritter,1
Newcomb,1
Nigel,1
Obresk,1
Obrock,1
Overy,1
Panion,1
Petty,1
Quilliam,1
Quilliams,1
Quillians,1
Reidenbach,1
Reomard,1
Reynouard,1
Riffurton,1
Rippertod,1
Ripperton,1
Rippurton,1
Rodder,1
Rosborough,1
Rosbrough,1
Ruder,1
Rupple,1
Scheuer,1
Schmale,1
Schmall,1
Schmalle,1
Schmell,1
Schmidth,1
Schoemer,1
Schol,1
Schroh,1
Schrop,1
Schrot,1
Seidel,1
Seidle,1
Shukers,1
Siedel,1
Smidt,1
Sprinkel,1
Standart,1
Standarts,1
Stohl,1
Strope,1
Suydell,1
Weidenkopf,1
Wellstead,1
Wellsted,1
Welsted,1
Worley,1
Yeackly,1
Aal,1
Abel,1
Abraham,1
Abrima,1
Acheson,1
Acker,1
Ackley,1
Acos,1
Addis,1
Adire,1
Adlington,1
Aflick,1
Agin,1
Agnew,1
Ahles,1
Aiken,1
Ainsley,1
Aitken,1
Aken,1
Alabaugh,1
Albaugh,1
Albertson,1
Alcorn,1
Aldendorfer,1
Aldred,1
Algeo,1
Allabach,1
Allebach,1
Allender,1
Allington,1
Allrcase,1
Allwein,1
Alricks,1
Alt,1
Altenderfer,1
Altgier,1
Amawalt,1
Ambrose,1
Ameigh,1
Amesberry,1
Amick,1
Ammerman,1
Ammon,1
Amos,1
Amy,1
Andre,1
Andress,1
Anewalt,1
Angle,1
Angstadt,1
Anker,1
Annstatch,1
Anson,1
Antes,1
Antrim,1
Appel,1
Applegate,1
Arble,1
Archambault,1
Archey,1
Aregood,1
Arhenholz,1
Armbrust,1
Armer,1
Armor,1
Arnet,1
Artell,1
Arthurs,1
Artley,1
Artz,1
Ashbridge,1
Ashen,1
Ashley,1
Ashoff,1
Ashton,1
Ask,1
Asmus,1
Astings,1
Atchison,1
Atherton,1
Atkins,1
Aton,1
Attmore,1
Auchenbaugh,1
Auer,1
Augier,1
Augustus,1
Ault,1
Auman,1
Aumick,1
Aurandt,1
Axton,1
Baacher,1
Babson,1
Bacher,1
Backus,1
Bader,1
Baeder,1
Bagaley,1
Bagley,1
Bahls,1
Bail,1
Bailie,1
Baish,1
Bakeoven,1
Baldridge,1
Balinger,1
Balliet,1
Balmer,1
Baltinger,1
Bamberger,1
Banard Joseph ,1
Bandi,1
Banghart,1
Bankert,1
Banner,1
Bantillborg,1
Barbin,1
Barden,1
Bare,1
Barford,1
Barger,1
Bargoon,1
Barkey,1
Barkley,1
Barley,1
Barman,1
Barndt,1
Barnitz,1
Baroux,1
Barre,1
Bartel,1
Barth,1
Bartle,1
Bartlebaugh,1
Barto,1
Bartow,1
Barwick,1
Bash,1
Baskerville,1
Bassart,1
Bast,1
Bastian,1
Batchelder,1
Bathurst,1
Battersby,1
Batty,1
Bauder,1
Baugh,1
Baumeister,1
Baumstarck,1
Bausman,1
Bay,1
Bayler,1
Baylor,1
Bayne,1
Beacher,1
Beagle,1
Beale,1
Beals,1
Beam,1
Bearley,1
Beath,1
Beavers,1
Bebout,1
Bechtold,1
Becket,1
Beckman,1
Beckwith,1
Bedillion,1
Beekman,1
Beeran,1
Beeson,1
Beghley,1
Behers,1
Behney,1
Beichler,1
Beidler,1
Beighley,1
Beille,1
Beisel,1
Beiswanger,1
Bekurs,1
Bele,1
Bellas,1
Bellinger,1
Bellwoar,1
Beltz,1
Bemes,1
Benchley,1
Benford,1
Benjamin,1
Benn,1
Bennetts,1
Bennington,1
Bensinger,1
Benz,1
Bercher,1
Berg,1
Bergen,1
Bergstresser,1
Berkert,1
Berkeylile,1
Berkmyer,1
Bermburg,1
Bernhart,1
Berrel,1
Berrington,1
Berst,1
Bertolet,1
Bertrand,1
Besley,1
Bestwick,1
Betts,1
Bevan,1
Bewley,1
Beyerle,1
Bible,1
Bickel,1
Bickhart,1
Bierce,1
Bierwirth,1
Bigert,1
Bigler,1
Biles,1
Billay,1
Billiard,1
Billingsly,1
Billman,1
Bilyean,1
Bink,1
Bipus,1
Birchard,1
Birmingham,1
Birnstock,1
Bisbing,1
Bish,1
Bissey,1
Bitter,1
Bitting,1
Bittler,1
Bittz,1
Bixler,1
Bizzard,1
Blackhead,1
Blackmer,1
Blackstone,1
Blaich,1
Blain,1
Blaker,1
Blanc,1
Blanden,1
Blankley,1
Blasius,1
Blecher,1
Bleistine,1
Blickenderfer,1
Blizzard,1
Blocksage,1
Bloodgood,1
Bloom,1
Bloomley,1
Bloss,1
Blowen,1
Blue,1
Blumm,1
Bly,1
Boak,1
Boardman,1
Boatman,1
Bobb,1
Boccis,1
Bockhouse,1
Boden,1
Bodie,1
Body,1
Boemer,1
Bogardus,1
Bogle,1
Bohder,1
Bohn,1
Boiss,1
Bolard,1
Bolen,1
Bolick,1
Bolinger,1
Bollinger,1
Bollman,1
Bolton,1
Bolts,1
Bomad,1
Bomgardner,1
Boney,1
Bonks,1
Bonsall,1
Bonstein,1
Book,1
Bookman,1
Boomhauer,1
Boose,1
Booze,1
Borbridge,1
Borden,1
Bordner,1
Borgard,1
Boring,1
Borland,1
Borneo,1
Borry,1
Bortner,1
Bortz,1
Bosler,1
Bossert,1
Bostian,1
Boston,1
Bothell,1
Bott,1
Bottorff,1
Bouchat,1
Bougher,1
Boukher,1
Bourguard,1
Boush,1
Bovard,1
Bowden,1
Bowersock,1
Bowie,1
Bowles,1
Bown,1
Bowser,1
Brabson,1
Bradbury,1
Braden,1
Brainard,1
Brallier,1
Brandlinger,1
Branin,1
Brannon,1
Branson,1
Brantlinger,1
Brass,1
Braunnagel,1
Braydon,1
Breakiron,1
Breckbill,1
Breckinridge,1
Breen,1
Bregler,1
Breier,1
Brelsford,1
Brenaman,1
Brendle,1
Brenett,1
Brenn,1
Brenneman,1
Brennen,1
Brenner,1
Brentz,1
Bressler,1
Brett,1
Bretz,1
Brewster,1
Breyer,1
Brickner,1
Bridenthall,1
Brighthoupt,1
Brill,1
Brindle,1
Brine,1
Brines,1
Brinker,1
Brinkley,1
Brinser,1
Brinton,1
Brisse,1
Britigam,1
Brittain,1
Broadbelt,1
Broadrick,1
Brobst,1
Brock,1
Brockham,1
Broderick,1
Broehler,1
Brohel,1
Brong,1
Brookbanke,1
Brookens,1
Broomall,1
Broomell,1
Brophy,1
Bropst,1
Broskey,1
Brotzman,1
Brougher,1
Brouse,1
Brower,1
Brownbaugh,1
Bruch,1
Bruitz,1
Brun,1
Brunner,1
Brunt,1
Bruss,1
Bryner,1
Bryson,1
Bubb,1
Buch,1
Buckalew,1
Bucklery,1
Buckner,1
Buckwalter,1
Buderwack,1
Buffter,1
Buisher,1
Bullers,1
Bullock,1
Bumbarger,1
Bumgarden,1
Bump,1
Bunker,1
Bunner,1
Bunting,1
Bupp,1
Burchfield,1
Burdick,1
Burg,1
Bruger,1
Burger,1
Burgess,1
Burgey,1
Burgwin,1
Burkfelt,1
Burkhart,1
Burkheimer,1
Burkholder,1
Burkit,1
Burman,1
Burness,1
Burnish,1
Burr,1
Burrell,1
Burtnet,1
Busby,1
Bushill,1
Buskirk,1
Bussinger,1
Buterbaugh,1
Butt,1
Butthorf,1
Buveltinghouse,1
Buzzard,1
Bye,1
Byerly,1
Byram,1
Byrne,1
Byrnes,1
Cabal,1
Cadden,1
Cage,1
Cahill,1
Caley,1
Call,1
Callander,1
Calloway,1
Camden,1
Camm,1
Camper,1
Candy,1
Canly,1
Cantwell,1
Capp,1
Caral,1
Carbaugh,1
Carcher,1
Cardwell,1
Carhart,1
Carley,1
Carmack,1
Carmany,1
Carnahan,1
Carner,1
Carothers,1
Carrens,1
Carrigan,1
Carringer,1
Cartwright,1
Cary,1
Caseman,1
Caskey,1
Casner,1
Cassady,1
Cassels,1
Cassiday,1
Caster,1
Castleberry,1
Caswell,1
Catheart,1
Catlin,1
Caughey,1
Caull,1
Caveny,1
Cawley,1
Cellery,1
Chalfant,1
Chantry,1
Chapple,1
Charles,1
Charleton,1
Charter,1
Chatfield,1
Chavanni,1
Cheesman,1
Cherey,1
Chess,1
Chew,1
Chickey,1
Chilson,1
Chisom,1
Chrillman,1
Christal,1
Christine,1
Christopher,1
Chronister,1
Chur,1
Cigenfoos,1
Claar,1
Claghorn,1
Clancy,1
Clapper,1
Clarenden,1
Clarkson,1
Cleaver,1
Cleland,1
Clemmens,1
Clendennen,1
Clevenger,1
Clewell,1
Clift,1
Clinger,1
Clinton,1
Clock,1
Closson,1
Clowes,1
Clugston,1
Cluttler,1
Clymer,1
Coar,1
Coble,1
Cobler,1
Coburn,1
Cockley,1
Coder,1
Coffee,1
Coffin,1
Cogan,1
Coglizer,1
Cohlin,1
Coil,1
Colbertson,1
Colderwood,1
Colebaugh,1
Colesberry,1
Colie,1
Collar,1
Coller,1
Collom,1
Colobaugh,1
Coltart,1
Columbus,1
Comber,1
Commings,1
Compton,1
Conable,1
Condy,1
Coney,1
Congdon,1
Conkle,1
Connard,1
Conners,1
Connolly,1
Conolly,1
Conroy,1
Convoy,1
Conwell,1
Cooley,1
Coombs,1
Coonce,1
Cope,1
Copestick,1
Coppersmith,1
Corbin,1
Corbit,1
Cordner,1
Corl,1
Corlus,1
Cornett,1
Cornman,1
Cornwall,1
Correll,1
Corry,1
Corson,1
Corts,1
Coryell,1
Cosgrave,1
Costar,1
Cota,1
Cottingham,1
Cougher,1
Coulson,1
Coutler,1
Countryman,1
Courson,1
Courtney,1
Cousler,1
Cover,1
Covey,1
Coward,1
Cowdrick,1
Cowles,1
Coxell,1
Coykendall,1
Cozens,1
Cradile,1
Criag,1
Craigton,1
Crandell,1
Cranston,1
Crater,1
Craven,1
Creag,1
Creamer,1
Creek,1
Crehan,1
Creighton,1
Cress,1
Cressman,1
Cresswell,1
Cribb,1
Crick,1
Crider,1
Crilly,1
Crise,1
Crissey,1
Crites,1
Croasdale,1
Crockett,1
Croft,1
Crole,1
Cromwell,1
Crone,1
Cronon,1
Crooks,1
Crooke,1
Crosedall,1
Crossett,1
Crothers,1
Crouch,1
Crouthamel,1
Crowl,1
Crowley,1
Crowthers,1
Crull,1
Crum,1
Crummin,1
Cruse,1
Cubbison,1
Cuff,1
Cullin,1
Cultin,1
Cundy,1
Cummingham,1
Cupper,1
Curjaho,1
Curn,1
Curran,1
Curren,1
Cusack,1
Cuskaden,1
Custus,1
Cutinar,1
Cypher,1
Daballad,1
Daeber,1
Dagaw,1
Dague,1
Dake,1
Daller,1
Daly,1
Dames,1
Danahay,1
Danfield,1
Daninburg,1
Dannals,1
Darling,1
Darlington,1
Darnest,1
Darrach,1
Darrah,1
Darrum,1
Dash,1
Datzius,1
Daughenbaugh,1
Davenport,1
Daverin,1
David,1
Davrainville,1
Dayton,1
Deagle,1
Deal,1
Deamer,1
DeAngele,1
Dearoulph,1
Deaver,1
DeBow,1
Dechart,1
DeCock,1
Deechman,1
Deem,1
Deen,1
Deets,1
Deffenderfer,1
DeFrehn,1
Degitz,1
Dehart,1
Dehaven,1
Dehm,1
Deibert,1
Deiffenderfer,1
Deimer,1
Deisher,1
Deitrick,1
Deitz,1
DeJames,1
Delancey,1
Delany,1
Delay,1
Dellinger,1
DeLong,1
Delp,1
Demar,1
Demill,1
Demming,1
Dempster,1
Deney,1
Denight,1
Denn,1
Dennick,1
Denny,1
Dentinger,1
Dentzler,1
Depew,1
Derby,1
Derflinger,1
Derlin,1
Deross,1
Derrt,1
Desart,1
Desilver,1
Detrich,1
Detrick,1
Detweiler,1
Detwiler,1
DeVallance,1
Develin,1
Deveny,1
Devinney,1
Devor,1
Dewald,1
Dewees,1
Dewlin,1
Diamon,1
Diamond,1
Dibble,1
Dice,1
Dickens,1
Dickie,1
Dickinson,1
Dicks,1
Dieber,1
Diemer,1
Dieter,1
Dietrick,1
Dietzler,1
Diffenderffer,1
Digman,1
Dilhorn,1
Dill,1
Dille,1
Diller,1
Dillin,1
Dillon,1
Dimit,1
Dimond,1
Dingas,1
Dingman,1
Dinsmore,1
Dipary,1
Dischner,1
Dishong,1
Ditch,1
Diton,1
Ditty,1
Divelbiss,1
Diver,1
Dixey,1
Doake,1
Doan,1
Dobbins,1
Dobson,1
Docker,1
Doenan,1
Doleman,1
Dollaway,1
Doman,1
Donagan,1
Donauhea,1
Donegan,1
Donelson,1
Dongan,1
Donley,1
Donnan,1
Donoghue,1
Dooley,1
Doriot,1
Dorman,1
Dornheim,1
D`Orsolini,1
Dorwarth,1
Dottarar,1
Doubert,1
Doudle,1
Dourrell,1
Doutt,1
Dowdle,1
Downaker,1
Downey,1
Dox,1
Drainsfield,1
Dransfield,1
Drawbrige,1
Dreher,1
Dreisbach,1
Dresel,1
Dressing,1
Drey,1
Drinkhouse,1
Driskel,1
Drostine,1
Drumheller,1
Drummond,1
Dryden,1
Dubbs,1
Dubois,1
Duboyne,1
Duck,1
Duckworth,1
Duerning,1
Duffe,1
Duffield,1
Duford,1
Dukate,1
Dulittle,1
Dull,1
DuLuar,1
Dumm,1
Dundore,1
Dungan,1
Dunkelberger,1
Dunleavy,1
Dunmire,1
Dunsmere,1
Duple,1
Durand,1
Durborrw,1
Durgan,1
Durland,1
Durross,1
Duryea,1
Duswalk,1
Duttery,1
Dutton,1
Duvall,1
Dymond,1
Dyson,1
Eaby,1
Eagan,1
Eagle,1
Eagye,1
Eakman,1
Earle,1
Earnest,1
Easler,1
Easterbrooks,1
Easton,1
Eavis,1
Eben,1
Eberhart,1
Eberle,1
Eberly,1
Ebersole,1
Ebling,1
Eby,1
Eccles,1
Eck,1
Eckel,1
Eckenrod,1
Ecker,1
Eckhardt,1
Eckles,1
Eckman,1
Eddinger,1
Eddy,1
Edes,1
Edgar,1
Edger,1
Edinger,1
Edminson,1
Edmunds,1
Edward,1
Ege,1
Egge,1
Egle,1
Ehirg,1
Ehrenfester,1
Ehrig,1
Eichberh,1
Eichelberger,1
Eichholn,1
Eicholtz,1
Eifert,1
Eiler,1
Eischen,1
Eisenberger,1
Eisengart,1
Eisenhartt,1
Eisenhower,1
Eisman,1
Ekloff,1
Elden,1
Eldercan,1
Eldridge,1
Elfreth,1
Eline,1
Ellems,1
Ellengo,1
Ellsworth,1
Elmore,1
Elser,1
Eltonhead,1
Emanuel,1
Embleton,1
Emerick,1
Emings,1
Emmett,1
Emrick,1
Endslow,1
England,1
Englebert,1
Engler,1
Ennis,1
Enoch,1
Ensell,1
Ensminger,1
Entriken,1
Epinger,1
Epley,1
Eppler,1
Erady,1
Erdman,1
Erich,1
Erls,1
Ernst,1
Ertnan,1
Erwine,1
Escheuplever,1
Eshelman,1
Eshleman,1
Eslinger,1
Esray,1
Estabrook,1
Esterheld,1
Estlow,1
Etka,1
Etter,1
Ettle,1
Eustice,1
Evely,1
Evens,1
Everhart,1
Everingham,1
Eves,1
Ewer,1
Exton,1
Eymer,1
Eyster,1
Faaet,1
Faber,1
Fackner,1
Fagley,1
Fahnestock,1
Fai,1
Faires,1
Fairs,1
Falconer,1
Fallon,1
Falter,1
Fannon,1
Farfam,1
Farmaree,1
Farne,1
Farraday,1
Farren,1
Farrer,1
Farst,1
Fasold,1
Fath,1
Faughender,1
Fawler,1
Fay,1
Feaster,1
Feathers,1
Federer,1
Feely,1
Fees,1
Feger,1
Fehr,1
Feight,1
Feirich,1
Felber,1
Felker,1
Fell,1
Fellebaum,1
Fellows,1
Felter,1
Felts,1
Fenderson,1
Fenstemaker,1
Fenstermacker,1
Ferg,1
Fernin,1
Ferree,1
Ferres,1
Ferror,1
Fertig,1
Fethagen,1
Fetterman,1
Feurstein,1
Fichtner,1
Fickle,1
Fidler,1
Field,1
Fielding,1
Fife,1
Filbert,1
File,1
Fillmore,1
Finck,1
Findling,1
Finehook,1
Finfrock,1
Finler,1
Firestine,1
Firth,1
Fishel,1
Fissell,1
Fittinger,1
Fitzgerrald,1
Fitzmoris,1
Fitzsimmons,1
Fix,1
Flagherty,1
Flamming,1
Flanegan,1
Flanigan,1
Flannery,1
Flatherty,1
Fleeson,1
Fleishhower,1
Flemming,1
Flickinger,1
Flinn,1
Flinner,1
Flohr,1
Flood,1
Florey,1
Fluck,1
Flury,1
Fochler,1
Fodell,1
Fogerty,1
Fogle,1
Fohrman,1
Folk,1
Follis,1
Fonner,1
Foos,1
Fordham,1
Forgens,1
Forrer,1
Forrester,1
Forst,1
Forsythe,1
Fortescus,1
Fortney,1
Fosnott,1
Founds,1
Fouzer,1
Frader,1
Frain,1
Fraley,1
Frame,1
France,1
Frankenberger,1
Frankford,1
Franski,1
Fraser,1
Fravel,1
Fredenburg,1
Frederick Lands ,1
Freed,1
Freedline,1
Freeling,1
Freeny,1
Freet,1
Freidenstine,1
Freshley,1
Frew,1
Freyberger,1
Frick,1
Fridell,1
Friedley,1
Fries,1
Friesmith,1
Frisbe,1
Frissions,1
Fritts,1
Frock,1
Fromond,1
Frue,1
Frye,1
Fryling,1
Fuchs,1
Fuhrman,1
Fulkerson,1
Fullmer,1
Fultz,1
Furey,1
Furley,1
Furman,1
Furney,1
Fury,1
Fye,1
Gaas,1
Gaches,1
Gaff,1
Gahegan,1
Gainer,1
Galacher,1
Galbraith,1
Galbreth,1
Gall,1
Gallager,1
Gallaher,1
Galleger,1
Galligher,1
Galloway,1
Gallupe,1
Gamber,1
Gammell,1
Ganger,1
Gann,1
Ganoe,1
Gant,1
Ganzhorn,1
Garber,1
Garbor,1
Garnder,1
Gradner,1
Garhart,1
Garland,1
Garly,1
Garman,1
Garrabrant,1
Garretson,1
Garrigan,1
Garris,1
Garsed,1
Gartman,1
Garvey,1
Garvin,1
Gasdisier,1
Gassida,1
Gaston,1
Gatewood,1
Gaughler,1
Gause,1
Gautzler,1
Gaw,1
Geakin,1
Gebhart,1
Gee,1
Geer,1
Geggus,1
Gehr,1
Gehrong,1
Geipe,1
Geiser,1
Geisler,1
Geller,1
Gelwicks,1
Gemmill,1
Genoskie,1
Genstenlichter,1
Gentzsch,1
Geran,1
Geroke,1
Gering,1
Gerregan,1
Gerstenmeyer,1
Getter,1
Gettring,1
Gettys,1
Geyer,1
Gheer,1
Gibben,1
Gibbons,1
Gibbony,1
Gibney,1
Gierch,1
Gift,1
Gilchrist,1
Gildersleeve,1
Gilger,1
Gilkey,1
Gillan,1
Gilleland,1
Gillhouse,1
Gilligan,1
Gillilland,1
Gillner,1
Gilpatrick,1
Gilson,1
Ginder,1
Gingrich,1
Ginnerd,1
Ginter,1
Gipner,1
Girod,1
Girty,1
Githens,1
Given,1
Givler,1
Glackins,1
Glading,1
Glantz,1
Glasgow,1
Glasser,1
Glayn,1
Gleimon,1
Glennon,1
Glidden,1
Glock,1
Glotfelty,1
Glunt,1
Gobert,1
Goches,1
Godden,1
Godwin,1
Goehler,1
Goetz,1
Goffigan,1
Gohl,1
Golcher,1
Golder,1
Goll,1
Gomersell,1
Gonzales,1
Goodar,1
Goodes,1
Goodhart,1
Goold,1
Gore,1
Gormerly,1
Gorninger,1
Goshen,1
Gosmond,1
Goss,1
Gossner,1
Gottlieb,1
Gotwalls,1
Goulden,1
Gourley,1
Govett,1
Grabill,1
Graden,1
Grady,1
Graeff,1
Graff,1
Graffen,1
Gramlich,1
Grandy,1
Grass,1
Grattan,1
Graul,1
Graver,1
Grazier,1
Great,1
Greble,1
Greenalgh,1
Greenawalt,1
Greenewalt,1
Greenhalfgh,1
Greenlee,1
Greenwald,1
Greenword,1
Greig,1
Greser,1
Gressley,1
Grible,1
Griffee,1
Griffis,1
Griffiths,1
Grimly,1
Grimsey,1
Griner,1
Griscom,1
Grist,1
Grobler,1
Groh,1
Groner,1
Grossman,1
Grounds,1
Grow,1
Groynn,1
Grube,1
Gruennagel,1
Grumbling,1
Grundy,1
Gruver,1
Guenther,1
Guest,1
Guiesinger,1
Guiler,1
Guinn,1
Guissinger,1
Guldner,1
Gumbert,1
Gumper,1
Gundy,1
Guptill,1
Guss,1
Gustin,1
Guth,1
Gutsgesell,1
Guyer,1
Gwenin,1
Gwynne,1
Haack,1
Haar,1
Haaze,1
Haberstroh,1
Hackenburg,1
Hacket,1
Hackett,1
Hackman,1
Hadden,1
Hadley,1
Hady,1
Haffey,1
Haft,1
Hagameister,1
Hagenbuck,1
Hager,1
Haggerty,1
Hague,1
Hahey,1
Haig,1
Hailstock,1
Halladay,1
Haller,1
Halliwell,1
Hallow,1
Hallowell,1
Halsey,1
Halzell,1
Hambleton,1
Hamburg,1
Hamersly,1
Hamill,1
Hamm,1
Hammel,1
Hammitt,1
Hamond,1
Hance,1
Handleton,1
Handwerk,1
Hanger,1
Hankey,1
Hanks,1
Hanley,1
Hanlon,1
Hann,1
Hannis,1
Hansacker,1
Hansell,1
Hansom,1
Happ,1
Harbaster,1
Harbert,1
Harbison,1
Harcum,1
Harder,1
Hardman,1
Harger,1
Harkelroad,1
Harkness,1
Harlin,1
Harmstead,1
Harner,1
Harp,1
Harphan,1
Harr,1
Harrigan,1
Harsha,1
Harter,1
Hartland,1
Hartley,1
Hartline,1
Hartmen,1
Hartshorn,1
Hartung,1
Hartz,1
Harwick,1
Hasenbuhler,1
Hasle,1
Haslett,1
Hassan,1
Hassinger,1
Hasslet,1
Hasten,1
Hasty,1
Hatcher,1
Hathway,1
Hatz,1
Hauck,1
Haugh,1
Hauke,1
Haunum,1
Haus,1
Hause,1
Hauser,1
Hautzicker,1
Havens,1
Haverstick,1
Hawck,1
Hawkinson,1
Hawn,1
Haymaker,1
Hayter,1
Hazard,1
Hazeltine,1
Heafer,1
Healy,1
Heaps,1
Hearth,1
Heasly,1
Heaton,1
Hebberton,1
Heberton,1
Heckathorn,1
Heckerd,1
Heckler,1
Hedge,1
Heebner,1
Heenan,1
Heffelfinger,1
Hefflefinger,1
Heft,1
Hehr,1
Heidlebaugh,1
Heiges,1
Heil,1
Heilman,1
Heim,1
Heimer,1
Heinbaugh,1
Heiney,1
Heinnis,1
Heisey,1
Heisley,1
Heistand,1
Heitshue,1
Helbrecht,1
Helfenstein,1
Helig,1
Hellinger,1
Helm,1
Helman,1
Helmes,1
Helmuth,1
Helt,1
Helzel,1
Hemmerline,1
Hempfield,1
Hempshire,1
Hench,1
Hendershot,1
Henesly,1
Heniwick,1
Henn,1
Hennessey,1
Hennigan,1
Henninger,1
Henold,1
Henselier,1
Hensler,1
Henthorne,1
Hepburn,1
Hepler,1
Hepworth,1
Herbst,1
Herger,1
Herleman,1
Hermann,1
Herring,1
Hersey,1
Hershberger,1
Hershey,1
Hertig,1
Hertzler,1
Herzke,1
Hesser,1
Hessley,1
Hetauft,1
Hetler,1
Hetzel,1
Heuser,1
Hewes,1
Heyer,1
Hibbard,1
Hibbs,1
Hics,1
Hide,1
Higgens,1
Higgison,1
High,1
Highley,1
Hikes,1
Hilbert,1
Hile,1
Hiligus,1
Hillegos,1
Hillgrove,1
Hilliard,1
Hillman,1
Hills,1
Hilston,1
Hiltner,1
Hilton,1
Himebaugh,1
Himes,1
Himmen,1
Hinckle,1
Hindman,1
Hindson,1
Hinemeyer,1
Hiney,1
Hinley,1
Hippensteel,1
Hipple,1
Hirbstritt,1
Hirshling,1
Hite,1
Hitesman,1
Hivner,1
Hoar,1
Hobbs,1
Hoch,1
Hockensmith,1
Hocod,1
Hodgson,1
Hoeffliger,1
Hoerner,1
Hoffart,1
Hoffer,1
Hoffmaster,1
Hogantogler,1
Hogentogler,1
Hognet,1
Hohfield,1
Hoist,1
Hoke,1
Holbaugh,1
Holdin,1
Holford,1
Hollabaugh,1
Hollen,1
Hollebaugh,1
Holler,1
Hollinger,1
Hollingshead,1
Hollins,1
Hollman,1
Hollowell,1
Holman,1
Holsey,1
Holtus,1
Holtzworth,1
Homan,1
Homer,1
Homm,1
Hone,1
Honneywell,1
Hoof,1
Hook,1
Hooks,1
Hoopengarner,1
Hoosack,1
Hope,1
Hopes,1
Hopple,1
Horkenberry,1
Hornbaker,1
Horne,1
Horning,1
Horre,1
Horst,1
Hortz,1
Hosey,1
Hoskinson,1
Hossler,1
Hostetter,1
Hothan,1
Hougendoubler,1
Houghtaling,1
Houk,1
Houpt,1
Housekwecht,1
Housenick,1
Houstine,1
Houtz,1
Hower,1
Howett,1
Howley,1
Hoyer,1
Hubbs,1
Hubert,1
Hubley,1
Huckey,1
Huey,1
Huffnagle,1
Hufty,1
Huggs,1
Huidekoper,1
Hulick,1
Human,1
Hume,1
Humes,1
Hummell,1
Humpton,1
Hunline,1
Hunsberry,1
Hunsworth,1
Huntzberger,1
Hupert,1
Hursh,1
Husband,1
Huss,1
Husted,1
Huston,1
Hutcher,1
Hutt,1
Huzer,1
Hyers,1
Hynicka,1
Iangah,1
Ickis,1
Ihling,1
Ilgenfritz,1
Imer,1
Ingle,1
Inn,1
Invella,1
Irely,1
Irons,1
Irvine,1
Iseman,1
Isenberger,1
Isett,1
Israel,1
Iverson,1
Jaale,1
Jack,1
Jackman,1
Jaco,1
Jahn,1
Janker,1
Jarbol,1
Jasen,1
Jayne,1
Jeffers,1
Jefferson,1
Jenney,1
Jerem,1
Jessup,1
Jillard,1
Jobson,1
John,1
Joice,1
Jorgenson,1
Joslin,1
Judd,1
Juhrs,1
Junkin,1
Kabaline,1
Keehler,1
Kafer,1
Kahler,1
Kaim,1
Kaiser,1
Klub,1
Kaler,1
Kaly,1
Kann,1
Kantner,1
Kappes,1
Karl,1
Karns,1
Karshner,1
Kase,1
Kaster,1
Katherman,1
Kauber,1
Kaufman,1
Kauter,1
Kavanaugh,1
Kay,1
Kayser,1
Keampf,1
Kearney,1
Kearns,1
Keating,1
Keaton,1
Keech,1
Keegan,1
Keely,1
Keen,1
Keeney,1
Keese,1
Keesey,1
Kehin,1
Keibele,1
Keiffley,1
Keik,1
Kein,1
Keiper,1
Keister,1
Kelbert,1
Kellar,1
Kellem,1
Kellerman,1
Kelsey,1
Keltz,1
Kemble,1
Kemmerer,1
Kendal,1
Kenderdine,1
Kendig,1
Kennan,1
Kenny,1
Kenvin,1
Kenyon,1
Kepner,1
Kepperling,1
Ker,1
Kerchkeissner,1
Kerlan,1
Kernick,1
Kershner,1
Kerstter,1
Keslinger,1
Ketrer,1
Ketterling,1
Kibble,1
Kichman,1
Kidd,1
Kiebach,1
Kieffer,1
Kieple,1
Kiess,1
Kiffle,1
Kilbulley,1
Kile,1
Killetts,1
Killinger,1
Kimble,1
Kimmell,1
Kincade,1
Kinchner,1
Kindig,1
Kiner,1
Kinlock,1
Kingsley,1
Kinkead,1
Kinly,1
Kinner,1
Kinsella,1
Kinsey,1
Kinsley,1
Kinsy,1
Kintner,1
Kinzer,1
Kipp,1
Kirkil,1
Kirkwood,1
Kirsh,1
Kiser,1
Kishroff,1
Kistar,1
Kistling,1
Kitchen,1
Kite,1
Kitt,1
Kivel,1
Klapp,1
Klease,1
Kleckner,1
Kleese,1
Kleinsmith,1
Klenker,1
Klickner,1
Klinefelter,1
Kling,1
Klingensmith,1
Klinger,1
Klinginsmith,1
Klop,1
Klotz,1
Klump,1
Knabenshue,1
Knaub,1
Knauss,1
Kneass,1
Knedle,1
Kneisley,1
Kneram,1
Knettle,1
Knigher,1
Knights,1
Kniseley,1
Knoble,1
Knodle,1
Knorr,1
Knouff,1
Knowles,1
Koble,1
Kocher,1
Kochler,1
Koeler,1
Koerper,1
Kohn,1
Kolb,1
Kollock,1
Konrad,1
Koonce,1
Koozer,1
Koppenhafer,1
Korn,1
Kosengarten,1
Kottkamp,1
Koutz,1
Kraen,1
Kraft,1
Krant,1
Kratzer,1
Krauser,1
Kreamer,1
Krees,1
Kreider,1
Kreiger,1
Kreiser,1
Kremp,1
Kreps,1
Kresge,1
Kress,1
Kretts,1
Kribbe,1
Krider,1
Kriebol,1
Kriner,1
Krise,1
Krister,1
Kroll,1
Kroop,1
Krous,1
Kroys,1
Krumick,1
Kryder,1
Kuehner,1
Kunetson,1
Kunsman,1
Kuntzler,1
Kupp,1
Kutz,1
Kuykendall,1
Kyslyesnki,1
Laad,1
Labar,1
Labor,1
Lachman,1
Lackie,1
Laetch,1
LaFourcade,1
Lahiff,1
Lainpord,1
Laird,1
Lamall,1
Lamberson,1
Lambie,1
Lambruschini,1
Lamm,1
Lammas,1
Lamont,1
Lanahan,1
Lance,1
Landell,1
Landers,1
Landreth,1
Langbein,1
Langham,1
Langstrath,1
Lanigan,1
Lanning,1
Lant,1
Lape,1
Lapp,1
Laramore,1
Larkin,1
Larmon,1
Larrimer,1
Larue,1
Lash,1
Lashorn,1
Latch,1
Latimore,1
Lattimore,1
Laubach,1
Laubscher,1
Laudenslager,1
Lauffenberger,1
Laughman,1
Laumaster,1
Lauson,1
Lavely,1
Lavis,1
Law,1
Lawall,1
Lawver,1
Laycock,1
Layman,1
Lazenberg,1
Leadbeater,1
Leaf,1
Leaman,1
Lear,1
Learey,1
Lease,1
Leatherbreeches,1
Leavy,1
Lebo,1
Lechler,1
Leclere,1
Ledgers,1
Leedom,1
Leepard,1
Lees,1
Leete,1
Lefever,1
Leffer,1
Lefford,1
Legore,1
Leibler,1
Leichler,1
Leidig,1
Leidy,1
Leinbach,1
Leininger,1
Leis,1
Leisey,1
Leitenberger,1
Leland,1
Lemison,1
Lender,1
Lengsdorf,1
Lenhart,1
Lenn,1
Lennox,1
Leo,1
Lepley,1
Lerch,1
LeRoy,1
Lesher,1
Leslee,1
Lessig,1
Lester,1
Letourneau,1
Leuschell,1
Levan,1
Levenight,1
Levers,1
Levingood,1
Levy,1
Lewenberg,1
Leyburn,1
Libbey,1
Lichenthaler,1
Lick,1
Lie,1
Lievengood,1
Light,1
Lightcap,1
Lighthill,1
Lill,1
Lillie,1
Limmon,1
Lincoln,1
Lindemouth,1
Linderman,1
Lindley,1
Lingal,1
Linginger,1
Link,1
Linker,1
Linns,1
Lint,1
Linton,1
Lintz,1
Lippart,1
Lisby,1
List,1
Litch,1
Litz,1
Litzinger,1
Liver,1
Livingood,1
Livingston,1
Livingstone,1
Loar,1
Loch,1
Locke,1
Lockery,1
Lockhart,1
Loeffler,1
Lofft,1
Logo,1
Logue,1
Lohr,1
Lohrman,1
Lompe,1
London,1
Longan,1
Longenecker,1
Longhery,1
Longsdorf,1
Looby,1
Loper,1
Losch,1
Lostetler,1
Lotz,1
Loucks,1
Loudenslager,1
Louderback,1
Lough,1
Loughman,1
Lourie,1
Loutzenniser,1
Lovelace,1
Lovett,1
Lower,1
Lowman,1
Lowther,1
Loyd,1
Luce,1
Lucke,1
Luckens,1
Lucore,1
Ludford,1
Ludy,1
Lugg,1
Lukenbach,1
Lukens,1
Lukins,1
Lundback,1
Lunger,1
Lupold,1
Lutes,1
Lybe,1
Lykens,1
Lyman,1
Lyng,1
Lysinger,1
Lytre,1
Maar,1
Mabus,1
Machamer,1
Maciney,1
Mackin,1
Maclay,1
Macy,1
Madden,1
Madder,1
Maderra,1
Madison,1
Maffit,1
Maggs,1
Magill,1
Magner,1
Maguin,1
Mahaffy,1
Mahard,1
Mahle,1
Mahon,1
Maicks,1
Maier,1
Maire,1
Maize,1
Makin,1
Malcom,1
Maley,1
Mallack,1
Malley,1
Mallorie,1
Malon,1
Maloy,1
Malseed,1
Managan,1
Mancha,1
Mandeville,1
Mangel,1
Mangus,1
Manitius,1
Mannes,1
Mannion,1
Manspeaker,1
Manuss,1
Mapes,1
Marceliag,1
Mardis,1
Marginson,1
Marion,1
Marker,1
Markward,1
Marley,1
Maroney,1
Marr,1
Marrion,1
Marsden,1
Martyn,1
Marx,1
Maskell,1
Massey,1
Masson,1
Master,1
Mastoff,1
Mateir,1
Mather,1
Mathew,1
Mathewson,1
Mathist,1
Matley,1
Matter,1
Mattern,1
Mattier,1
Mattison,1
Matumas,1
Mauck,1
Mauk,1
Mawhinney,1
Maxson,1
Mayberry,1
Mayfield,1
Maynard,1
Mayne,1
Mays,1
McAbee,1
McAdams,1
McAfee,1
McAleer,1
McAlister,1
McAndrew,1
McAnnany,1
McArthur,1
McAteer,1
McBrearty,1
McBryer,1
McCafferty,1
McCaffrey,1
McCahey,1
McCalla,1
McCalmont,1
McCan,1
McCanna,1
McCardle,1
McCarren,1
McCart,1
McCarter,1
McCarthy,1
McCaskey,1
McCaughen,1
McCauly,1
McClane,1
McClaron,1
McClatchey,1
McClean,1
McCleary,1
McCleery,1
McClelland,1
McClem,1
McClennan,1
McClintock,1
McClinty,1
McCloskey,1
McClosky,1
McClune,1
McCluskey,1
McClusky,1
McCollister,1
McCollam,1
McComb,1
McCombs,1
McComsey,1
McConel,1
McConnaughy,1
McConnell,1
McConville,1
McCorkle,1
McCormick,1
McCosh,1
McCrackin,1
McCray,1
McCrisslin,1
McCrum,1
McCue,1
McCullen,1
McCullon,1
McCullum,1
McCultoh,1
McCune,1
McCunnaha,1
McCurdy,1
McCutchen,1
McCutcheon,1
McDaid,1
McDaniel,1
McDavid,1
McDevett,1
McDevitt,1
McDoherty,1
McDonald,1
McDonugh,1
McDonough,1
McElcan,1
McElhaney,1
McElheny,1
McElrath,1
McElvoy,1
McElwee,1
McEntire,1
McFadden Hugh ,1
McFadden,1
McFarlane,1
McFeaters,1
McGahen,1
McGara,1
McGarvey,1
McGarvy,1
McGaw,1
McGeehen,1
McGhee,1
McGimpsey,1
McGinness,1
McGinty,1
McGlathery,1
McGloughlin,1
McGonegal,1
McGonigle,1
McGouldrick,1
McGovern,1
McGowan,1
McGowen,1
McGrail,1
McGregor,1
McGrigger,1
McGrinder,1
McGuckin,1
McGuigan,1
McGuire,1
McGune,1
McHaffie,1
McHugh,1
McIlhaney,1
McIlneay,1
McIlvaine,1
McIlwaine,1
McIntire,1
McJunkin,1
McKallip,1
McKay,1
McKeage,1
McKean,1
McKee,1
McKennew,1
McKenzie,1
McKeown,1
McKibben,1
McKillip,1
McKindley,1
McKinney,1
McKnabb,1
McKowan,1
McLain,1
McLaren,1
McLea,1
McLees,1
McLeod,1
McMaety,1
McMains,1
McManigal,1
McMannis,1
McManus,1
McMeans,1
McMinzie,1
McMorrow,1
McMurray,1
McMurtrie,1
McNair,1
McNally,1
McNamara,1
McNamee,1
McNaney,1
McNaughton,1
McNeal,1
McNear,1
McNeil,1
McNeill,1
McNelly,1
McNichol,1
McNitt,1
McNulty,1
McNutt,1
McPake,1
McPherrin,1
McPherson,1
McPike,1
McQuaid,1
McQuilken,1
McQuire,1
McQuown,1
McRoberts,1
McSorley,1
McTammany,1
McVay,1
McVeigh,1
McVey,1
McWhinney,1
Meagee,1
Meals,1
Means,1
Mearig,1
Mease,1
Mechring,1
Meckenstorm,1
Medara,1
Medsker,1
Meek,1
Meeker,1
Meeny,1
Megary,1
Megraw,1
Mehaffy,1
Mehler,1
Meily,1
Meish,1
Mekeel,1
Melick,1
Mellender,1
Mellon,1
Mellott,1
Meloy,1
Melvin,1
Mendel,1
Menear,1
Menich,1
Menold,1
Mentzel,1
Meradith,1
Merig,1
Merklin,1
Merriman,1
Merser,1
Mertz,1
Mervine,1
Messimer,1
Messner,1
Mestler,1
Metzer,1
Metzler,1
Mewherter,1
Michener,1
Mickel,1
Mickle,1
Middlecoff,1
Milans,1
Miley,1
Milison,1
Millard,1
Millen,1
Milley,1
Millichsach,1
Millinger,1
Millison,1
Millman,1
Miltimore,1
Minard,1
Minehart,1
Mingus,1
Minich,1
Minium,1
Minnemyer,1
Minnich,1
Minsterer,1
Mintzer,1
Misenbaugh,1
Missavay,1
Missinger,1
Mitterling,1
Mixell,1
Moff,1
Moffitt,1
Mohan,1
Mohn,1
Mohr,1
Moirer,1
Moll,1
Momeyer,1
Monath,1
Moneghan,1
Monghany,1
Montague,1
Monz,1
Moody,1
Moorehead,1
Moorhead,1
Moostbugger,1
Mordock,1
Moreland,1
Mores,1
Morgerum,1
Moritz,1
Morley,1
Moroney,1
Morriman,1
Moris,1
Morsman,1
Mortimer,1
Mosar,1
Mosier,1
Motler,1
Motz,1
Moulter,1
Mountenay,1
Mourer,1
Mowen,1
Mowery,1
Mowrey,1
Mowry,1
Moylan,1
Muckafuse,1
Muehler,1
Muhleck,1
Mulberger,1
Mulhern,1
Mulholland,1
Mull,1
Mullaney,1
Mulleson,1
Mulliken,1
Mullineaux,1
Mulroony,1
Mumaw,1
Mumma,1
Munaw,1
Mundshower,1
Munier,1
Munroe,1
Munson,1
Munyon,1
Muringer,1
Murttorff,1
Musgrove,1
Muss,1
Musselman,1
Mustead,1
Muthard,1
Myeres,1
Myers Theodore ,1
Myricks,1
Naan,1
Naber,1
Naftzer,1
Nagley,1
Nailor,1
Napheys,1
Nathans,1
Naugle,1
Nauman,1
Naylon,1
Nealis,1
Nearhoof,1
Nebinger,1
Needs,1
Neeley,1
Nefsey,1
Neide,1
Neifergold,1
Neiler,1
Neiman,1
Neis,1
Neitz,1
Nerohart,1
Nesbit,1
Nesemier,1
Nestleroud,1
Neugebauer,1
Neveling,1
Neville,1
Nevin,1
Newbecker,1
Newbold,1
Newhall,1
Newhart,1
Newlin,1
Newmeyer,1
Newpher,1
Ney,1
Nibouar,1
Nice,1
Nichol,1
Nickelson,1
Nickle,1
Nicola,1
Niel,1
Niess,1
Ninesteel,1
Nisley,1
Nixdorf,1
Nixon,1
Nobbs,1
Noddins,1
Noel,1
Nole,1
Nolf,1
Noll,1
Nolte,1
Noon,1
Nordell,1
Northrop,1
Nosher,1
Nourse,1
Nubie,1
Nugent,1
Nunamaker,1
Nungesser,1
Nurse,1
Nutt,1
Nyce,1
Nyman,1
Oakes,1
Oakley,1
Oakwood,1
Obenheizer,1
Oberkirch,1
Obile,1
O`Brian,1
O`Bryan,1
Ochmler,1
Ocker,1
O`Connell,1
Oddy,1
Odenath,1
Odonal,1
Oetzel,1
Ogborn,1
Ogle,1
O`Halleren,1
O`Harra,1
Ohler,1
Oiler,1
O`Kiefe,1
Oldham,1
O`Leary,1
Olindrick,1
Olmstead,1
O`Malley,1
Omlen,1
Onstadt,1
Opperman,1
Orchard,1
Orem,1
Ormsbee,1
Orner,1
O`Rourke,1
Orris,1
Ortner,1
Orwig,1
Osburn,1
O`Shannon,1
Osman,1
Osmun,1
Osterstock,1
Oswald,1
Otis,1
Otterson,1
Otty,1
Over,1
Overdorff,1
Overholt,1
Oxenford,1
Paar,1
Pace,1
Packer,1
Padeon,1
Paina,1
Paiste,1
Palmatary,1
Pancake,1
Pann,1
Parcilles,1
Paris,1
Parkington,1
Parmer,1
Parris,1
Paschal,1
Passmore,1
Patchell,1
Paulley,1
Pavott,1
Paxson,1
Peace,1
Peak,1
Peasley,1
Peddicord,1
Pedrick,1
Peeling,1
Peffer,1
Peifer,1
Peightel,1
Peixoto,1
Pellor,1
Penberry,1
Penn,1
Pennell,1
Pennington,1
Pennville,1
Penrod,1
Pentecost,1
Peoples,1
Perard,1
Perff,1
Perrego,1
Pershing,1
Pervis,1
Peter,1
Petitt,1
Petry,1
Pettingill,1
Pew,1
Pfannkuch,1
Pfeiffer,1
Pflanmaker,1
Pfruender,1
Phifer,1
Phister,1
Pickle,1
Piers,1
Pifer,1
Pilgen,1
Pilkington,1
Pinckney,1
Pinkerton,1
Pinner,1
Pislee,1
Pitt,1
Plank,1
Platner,1
Platt,1
Plattenburg,1
Plerauphin,1
Plotts,1
Plucker,1
Plympton,1
Poff,1
Pohnet,1
Poley,1
Polsar,1
Pomeroy,1
Ponter,1
Poorbaugh,1
Poper,1
Portzer,1
Postals,1
Pote,1
Potteiger,1
Pottorf,1
Poulson,1
Pounds,1
Power,1
Powle,1
Prass,1
Preiser,1
Presbury,1
Presser,1
Prettyleaf,1
Priar,1
Pricket,1
Printz,1
Pritchard,1
Pritner,1
Procter,1
Prophater,1
Prosser,1
Proudfit,1
Provin,1
Prunkard,1
Puckelwartz,1
Puise,1
Purdue,1
Purnell,1
Pursell,1
Pusey,1
Putnam,1
Quaring,1
Quay,1
Querry,1
Quigg,1
Quillman,1
Quinley,1
Quirk,1
Race,1
Radcliff,1
Raezer,1
Rafter,1
Rager,1
Ragins,1
Rahn,1
Raieck,1
Rainey,1
Raizer,1
Ram,1
Ramich,1
Ramsy,1
Ranolds,1
Rantner,1
Rarich,1
Rass,1
Rathburn,1
Rattew,1
Raub,1
Raugh,1
Rauser,1
Rawhouser,1
Raysor,1
Rea,1
Reader,1
Ready,1
Reager,1
Reams,1
Rearich,1
Reath,1
Redden,1
Redic,1
Redman,1
Redmond,1
Reede,1
Reeder,1
Reedy,1
Reel,1
Reen,1
Reeser,1
Reets,1
Regan,1
Regester,1
Rehm,1
Reib,1
Reichenbach,1
Reichner,1
Reidenaur,1
Reif,1
Reiffinberger,1
Reifsnyder,1
Reigel,1
Reighard,1
Reigle,1
Reiley,1
Reimert,1
Reinecke,1
Reinfrey,1
Reinhard,1
Reinhart,1
Reinhold,1
Reinninger,1
Reinsmith,1
Reishley,1
Reiss,1
Reiter,1
Reitzel,1
Rembaugh,1
Remich,1
Remmert,1
Rendfrey,1
Reninger,1
Rennebaker,1
Rennie,1
Rentz,1
Repine,1
Reppert,1
Resh,1
Rettihiser,1
Reuter,1
Reyburn,1
Rezer,1
Rheihart,1
Rhile,1
Rhinehart,1
Rhoades,1
Rhode,1
Rhote,1
Rias,1
Richder,1
Richie,1
Rick,1
Ricker,1
Ricks,1
Riden,1
Ridey,1
Ridgley,1
Ridings,1
Rieby,1
Riehl,1
Rife,1
Riffel,1
Rigbly,1
Rigg,1
Riggle,1
Riggs,1
Rigler,1
Rimm,1
Rineer,1
Rinehart,1
Rinehold,1
Ringgold,1
Ringler,1
Rinier,1
Rinker,1
Ripple,1
Risenbach,1
Rishell,1
Risley,1
Risso,1
Ritner,1
Rittenhouse,1
Rittinger,1
Rively,1
Roads,1
Roark,1
Roath,1
Roberson,1
Rock,1
Rockey,1
Rodebaugh,1
Rodenbush,1
Rodger,1
Rodkey,1
Roe,1
Roebuck,1
Roerty,1
Rogan,1
Rohbach,1
Rohn,1
Rohrer,1
Rohsback,1
Roland,1
Roleson,1
Roller,1
Rollison,1
Romans,1
Romig,1
Roof,1
Rooney,1
Roosa,1
Ropp,1
Rorick,1
Rosemaire,1
Rosenberger,1
Rosencrance,1
Rosenheim,1
Roser,1
Rothenberger,1
Rothrock,1
Rott,1
Roudenour,1
Rouke,1
Roup,1
Roush,1
Rover,1
Row,1
Rowdebush,1
Rowser,1
Royer,1
Roys,1
Rubincom,1
Ruchstuhl,1
Rudd,1
Ruddick,1
Rudler,1
Rudolph,1
Rudy,1
Rudyard,1
Ruff,1
Ruffner,1
Ruggles,1
Ruhl,1
Rule,1
Rumble,1
Rummelman,1
Rundel,1
Runkel,1
Runyan,1
Ruoff,1
Rupp,1
Ruppert,1
Rusick,1
Russel,1
Rutan,1
Ruthrauff,1
Ryman,1
Ryon,1
Saack,1
Saddler,1
Saeger,1
Sahm,1
Sailor,1
Saling,1
Sallade,1
Salmon,1
Saltzgiver,1
Samonds,1
Sampson,1
Samuel,1
Sanderlin,1
Saners,1
Sandoe,1
Sane,1
Sang,1
Sankey,1
Sansell,1
Sapp,1
Sargeant,1
Sartonious,1
Sassaman,1
Satterfiled,1
Saucers,1
Saul,1
Saussner,1
Savidge,1
Sawdy,1
Scanlin,1
Scarfe,1
Schaad,1
Schaefer,1
Schaeffer,1
Schafhirdt,1
Schall,1
Schaly,1
Schapbell,1
Schealer,1
Scheetz,1
Scheibel,1
Scheinitzour,1
Schell,1
Scherl,1
Schible,1
Schieber,1
Schillinger,1
Schirmer,1
Schlafer,1
Schlecht,1
Schleiffer,1
Schlicher,1
Schluttinhofer,1
Schmith,1
Schmitz,1
Schnable,1
Schneck,1
Schnell,1
Schnmann,1
Schoch,1
Schoemaker,1
Schoenleber,1
Scholes,1
Scholl,1
Schoneltzle,1
Schooley,1
Schrach,1
Schreder,1
Schreckengost,1
Schreiber,1
Schreiner,1
Schriner,1
Schrock,1
Schroeder,1
Schropp,1
Schtulein,1
Schuehle,1
Schuler,1
Schumann,1
Schutte,1
Schwarg,1
Schwartzlander,1
Schweinhart,1
Schwenk,1
Schwindinger,1
Scoffield,1
Scovell,1
Scriven,1
Scudder,1
Scully,1
Seabaugh,1
Seachrist,1
Seahner,1
Seamen,1
Seaul,1
Sechler,1
Seckengost,1
Sedgewick,1
Seebold,1
Sees,1
Sefton,1
Seib,1
Seider,1
Seiders,1
Seifert,1
Seigenthall,1
Seigfreid,1
Seigle,1
Seiler,1
Seiples,1
Seitz,1
Seitzinger,1
Selden,1
Seligman,1
Sellman,1
Semmelroth,1
Seneff,1
Senneff,1
Senseman,1
Sentman,1
Serena,1
Serges,1
Service,1
Seton,1
Setzler,1
Severns,1
Sewall,1
Sewell,1
Seybold,1
Sgaleur,1
Shadduck,1
Shade,1
Shadman,1
Shaft,1
Shallenberger,1
Shambaugh,1
Shane,1
Shanley,1
Shapneck,1
Shares,1
Sharrer,1
Shatser,1
Shatzer,1
Shauber,1
Shaut,1
Shawley,1
Shea,1
Sheaff,1
Sheaffer,1
Sheafuocker,1
Sheble,1
Sheeder,1
Sheels,1
Sheerhan,1
Sheets,1
Sheetz,1
Sheffer,1
Shehan,1
Sheiffer,1
Shell,1
Shenfelder,1
Shennan,1
Shepherd,1
Sherbine,1
Sherline,1
Sherrick,1
Sherts,1
Shettel,1
Shew,1
Shick,1
Shickler,1
Shierley,1
Shiffhoer,1
Shilleto,1
Shillinger,1
Shimph,1
Shindledecker,1
Shiner,1
Shingler,1
Shipp,1
Shira,1
Shireman,1
Shirey,1
Shirley,1
Shissler,1
Shivers,1
Shmittle,1
Shockey,1
Shoenfelder,1
Shollenberger,1
Shoner,1
Shook,1
Shope,1
Shore,1
Shott,1
Shoup,1
Shoutz,1
Showalter,1
Showalters,1
Showers,1
Shrader,1
Shreep,1
Shreve,1
Shriner,1
Shriver,1
Shroder,1
Shroy,1
Shryock,1
Shuck,1
Shuff,1
Shulds,1
Shuler,1
Shulz,1
Shuman,1
Shun,1
Shupe,1
Shuss,1
Shuster,1
Sias,1
Sibly,1
Sickler,1
Side,1
Sides,1
Sieber,1
Siegfried,1
Siewars,1
Sigler,1
Sigmond,1
Silby,1
Sillsbee,1
Silva,1
Silvey,1
Simenow,1
Simmers,1
Simmon,1
Simpers,1
Sims,1
Sinclair,1
Sines,1
Singleman,1
Singley,1
Sinney,1
Sipe,1
Siple,1
Sippy,1
Sisley,1
Sites,1
Siverd,1
Skank,1
Skeere,1
Skelly,1
Skidmore,1
Skilton,1
Skipper,1
Slacker,1
Slagle,1
Slater,1
Slattery,1
Slaven,1
Slaymaker,1
Sleager,1
Slegle,1
Slenker,1
Slick,1
Sliker,1
Sloey,1
Sloppy,1
Slouk,1
Slutter,1
Smack,1
Smaltz,1
Smead,1
Smeigh,1
Smeltzer,1
Smithing,1
Smoker,1
Smuch,1
Smyers,1
Snare,1
Snayberger,1
Snedicor,1
Sneyd,1
Snidicor,1
Snobes,1
Snodgrass,1
Snook,1
Snowberger,1
Sober,1
Sody,1
Solar,1
Sollars,1
Sollinger,1
Somerlot,1
Sompal,1
Soop,1
Sorber,1
Sorver,1
Souder,1
Souders,1
Sounder,1
Sourmilk,1
Southwick,1
Sower,1
Sowerwine,1
Spake,1
Spain,1
Spang,1
Spare,1
Sparks,1
Speace,1
Spealman,1
Spear,1
Specht,1
Speedy,1
Speer,1
Speese,1
Speigle,1
Speraw,1
Spicher,1
Spidle,1
Spiglemeyer,1
Spittler,1
Sponagle,1
Spotts,1
Spotz,1
Sprankle,1
Sprecher,1
Springman,1
Springfield,1
Sprong,1
Sprout,1
Spurr,1
Stabley,1
Stagmeir,1
Stahley,1
Stairs,1
Stall,1
Stalnacker,1
Stambaugh,1
Stamm,1
Stands,1
Stanger,1
Stansbury,1
Staple,1
Star,1
Starkey,1
Starliper,1
Startzel,1
States,1
Staub,1
Staufer,1
Stautmiller,1
Steane,1
Steck,1
Stedeford,1
Steely,1
Steeple,1
Steeve,1
Steffey,1
Stehle,1
Steigelman,1
Steimon,1
Steinbecker,1
Steinman,1
Steinmetz,1
Stell,1
Stemer,1
Stance,1
Steplar,1
Stern,1
Steteken,1
Stetson,1
Stevans,1
Steveson,1
Stidham,1
Stiers,1
Stiffler,1
Still,1
Stillwagon,1
Stineman,1
Stinger,1
Stiteler,1
Stitzel,1
Stiver,1
Stock,1
Stockham,1
Stockton,1
Stoeve,1
Stoke,1
Stoll,1
Stombaugh,1
Stoneback,1
Stonecypher,1
Stonesifer,1
Stoops,1
Store,1
Stork,1
Stormfeltz,1
Stotmiller,1
Stottsenburg,1
Stoudt,1
Stouffer,1
Stough,1
Stoup,1
Stoutgenberger,1
Stowell,1
Stradley,1
Strathern,1
Straub,1
Strausbaugh,1
Strauss,1
Straw,1
Strawhecker,1
Strayer,1
Streams,1
Street,1
Streightiff,1
Strickenberger,1
Strimmell,1
String,1
Strobel,1
Strockline,1
Strohl,1
Stroman,1
Stropp,1
Strough,1
Strouse,1
Strusser,1
Stuard,1
Stubbins,1
Stuber,1
Stuck,1
Stuckler,1
Stum,1
Stuntz,1
Sturdivant,1
Sturgess,1
Sturtman,1
Stutzman,1
Styer,1
Suckling,1
Sugart,1
Sullinger,1
Sultzbach,1
Sunderland,1
Supple,1
Surch,1
Sutch,1
Suthamer,1
Sutters,1
Swackhammer,1
Swainey,1
Swanger,1
Swart,1
Swartwout,1
Swartzlander,1
Sweepeniser,1
Sweetwood,1
Sweigart,1
Sweitzer,1
Swerger,1
Swiler,1
Swingle,1
Swope,1
Sworm,1
Syberts,1
Sylvanns,1
Sympler,1
Tabb,1
Tafel,1
Taggert,1
Talley,1
Talman,1
Tanfield,1
Tanner,1
Tantlinger,1
Tarbell,1
Tarr,1
Tatem,1
Tatin,1
Teal,1
Techton,1
Teed,1
Teeter,1
Teller,1
Temelty,1
Temple,1
Templeton,1
Tenally,1
Tenant,1
Tennery,1
Test,1
Tewell,1
Thair,1
Thatcher,1
Theirs,1
Thiebant,1
Thoman,1
Thompkins,1
Thompon,1
Thornbury,1
Thorns,1
Thorpe,1
Thrumston,1
Tibbott,1
Tidaback,1
Tiernan,1
Tiffany,1
Tilbrook,1
Tillbrook,1
Tillotson,1
Timblin,1
Timmins,1
Tingle,1
Tinklepang,1
Tintle,1
Titlow,1
Tobin,1
Tobler,1
Toft,1
Toland,1
Tolson,1
Tomer,1
Toner,1
Tonner,1
Tool,1
Toole,1
Toomey,1
Topping,1
Torboss,1
Torrence,1
Toser,1
Tourison,1
Towsend,1
Toy,1
Trabold,1
Train,1
Trainor,1
Transue,1
Trapp,1
Traugh,1
Traverse,1
Travis,1
Treadwell,1
Treese,1
Trege,1
Treister,1
Tresler,1
Trevitt,1
Trexler,1
Tricket,1
Tripler,1
Tripple,1
Troast,1
Trone,1
Trostel,1
Trotter,1
Trous,1
Trowbridge,1
Troxell,1
Troy,1
Trudy,1
Truebner,1
Trumbore,1
Trump,1
Trumpour,1
Trutton,1
Tschopp,1
Tubbs,1
Trucker,1
Tulhill,1
Tupper,1
Turley,1
Turpin,1
Tweed,1
Twomey,1
Tyndal,1
Ualn,1
Ueberoth,1
Uhler,1
Ullery,1
Ulmer,1
Ulshafer,1
Umble,1
Umstead,1
Uncapher,1
Unger,1
Unruh,1
Updegraph,1
Upert,1
Upright,1
Urban,1
Urich,1
Urwiller,1
Utt,1
Vaannauker,1
Valee,1
Vanarstdalen,1
Vanbechten,1
Vanbuskirk,1
Vancise,1
Vandegrift,1
Vanderherschen,1
Vanderslice,1
Vandervort,1
Vandewort,1
Vandorn,1
Vandyke,1
Vaneps,1
Vangeeser,1
Vangorder,1
Van Horn,1
Vanlear,1
Vanluvender,1
Vannatta,1
Vanorman,1
Vanpossen,1
Vansant,1
Vanscoyock,1
Vantague,1
Vantries,1
Van Vorse,1
Vanzandt,1
Vardyne,1
Varner,1
Vasler,1
Vaughan,1
Veach,1
Velles,1
Venner,1
Vergason,1
Vernon,1
Vezin,1
Vickery,1
Villinger,1
Virdin,1
Voelker,1
Vogle,1
Voght,1
Vogus,1
Volkmer,1
Volz,1
Von Hartung,1
Vose,1
Vroman,1
Wabble,1
Wack,1
Waddle,1
Wager,1
Wahls,1
Waight,1
Waklee,1
Walbridge,1
Waldeier,1
Waldron,1
Walford,1
Walkinshaw,1
Wall,1
Wallet,1
Wallich,1
Wallover,1
Walls,1
Walmer,1
Walser,1
Waltemire,1
Walthour,1
Waltman,1
Waltz,1
Wals,1
Wampler,1
Wanamaker,1
Wanghtal,1
Wanner,1
Warbrooke,1
Warden,1
Warfel,1
Warfield,1
Warmcastle,1
Warric,1
Warterhaise,1
Wary,1
Waterford,1
Wault,1
Wayland,1
Weaber,1
Weakly,1
Wear,1
Web,1
Weckerly,1
Wedner,1
Weeks,1
Wegins,1
Weiand,1
Weidaemer,1
Weiderman,1
Weidler,1
Weigel,1
Weight,1
Weigley,1
Weikel,1
Weil,1
Weiler,1
Weiner,1
Weinmann,1
Weirich,1
Weisbried,1
Weisel,1
Weiser,1
Weishert,1
Weist,1
Weizmann,1
Welker,1
Wellington,1
Weltheiss,1
Welty,1
Wenditz,1
Wenglinger,1
Wenrich,1
Wensley,1
Wentzel,1
Wentzler,1
Werkheiser,1
Werts,1
Wesley,1
Wess,1
Westen,1
Westley,1
Weston,1
Wetherbee,1
Wetherstine,1
Wetter,1
Wetzel,1
Wetzler,1
Weygandt,1
Whale,1
Wharfe,1
Wharton,1
Whartonby,1
Whelton,1
Whenat,1
Whetstone,1
Whilldin,1
Whirlow,1
Whitehill,1
Whiteman,1
Whitemyer,1
Whitenbarger,1
Whitfield,1
Whitington,1
Whitmoyer,1
Whitsell,1
Whittaker,1
Wiant,1
Wible,1
Wickenhacker,1
Wickey,1
Wickline,1
Widdifield,1
Widmair,1
Wiederman,1
Wientze,1
Wiesen,1
Wiestling,1
Wigle,1
Wike,1
Wilber,1
Wilby,1
Wilde,1
Wilders,1
Wildrick,1
Wileman,1
Wilfong,1
Will,1
Willath,1
Willets,1
Willhelm,1
Williman,1
Willman,1
Willow,1
Wilmore,1
Wilsey,1
Winchester,1
Windess,1
Windsor,1
Wing,1
Wingate,1
Wingrove,1
Winkleman,1
Winner,1
Winslow,1
Wint,1
Winter,1
Wintermute,1
Wintrode,1
Wirich,1
Wiser,1
Wisler,1
Wisner,1
Wissinger,1
Witaker,1
Witherow,1
Witherspoon,1
Witmer,1
Witmire,1
Wittenberger,1
Witthun,1
Witzel,1
Woelpper,1
Wolborn,1
Wolfington,1
Wolford,1
Wollboldt,1
Wolt,1
Womer,1
Wonderlick,1
Wonsteler,1
Woodbyrne,1
Woodland,1
Woodring,1
Woolbach,1
Woollard,1
Woolstancroft,1
Wooters,1
Worden,1
Work,1
Workman,1
Works,1
Worman,1
Worrall,1
Wortley,1
Wotfram,1
Wrighter,1
Writner,1
Wunder,1
Wurth,1
Wyant,1
Wykoff,1
Wylie,1
Wynkoop,1
Wynn,1
Wysotsky,1
Xander,1
Yaber,1
Yale,1
Yard,1
Yarnall,1
Yarns,1
Yeatts,1
Yengst,1
Yerger,1
Yerker,1
Yetter,1
Yingling,1
Yingst,1
Yoder,1
Yoe,1
Yohn,1
Yordy,1
York,1
Youler,1
Youngson,1
Younkins,1
Youse,1
Yuard,1
Zabe,1
Zane,1
Zantzinger,1
Zeanes,1
Zechman,1
Zehnder,1
Zeigenvous,1
Zeiser,1
Zell,1
Zellers,1
Zenichs,1
Zerby,1
Zerns,1
Zeider,1
Zimmerly,1
Zollar,1