~maps,,,,,,,
id,name,multiplier,minimap,active,propername,sp,optionname
RandomMaps4L_460,Large RandomMap 460,32768,RandomMaps4L_460,0,RandomMap 460,1
RandomMaps4L_461,Large RandomMap 461,32768,RandomMaps4L_461,0,RandomMap 461,1
RandomMaps4L_462,Large RandomMap 462,32768,RandomMaps4L_462,0,RandomMap 462,1
RandomMaps4L_463,Large RandomMap 463,32768,RandomMaps4L_463,0,RandomMap 463,1
RandomMaps4L_464,Large RandomMap 464,32768,RandomMaps4L_464,0,RandomMap 464,1
RandomMaps4L_465,Large RandomMap 465,32768,RandomMaps4L_465,0,RandomMap 465,1
RandomMaps4L_466,Large RandomMap 466,32768,RandomMaps4L_466,0,RandomMap 466,1
RandomMaps4L_467,Large RandomMap 467,32768,RandomMaps4L_467,0,RandomMap 467,1
RandomMaps4L_468,Large RandomMap 468,32768,RandomMaps4L_468,0,RandomMap 468,1
RandomMaps4L_469,Large RandomMap 469,32768,RandomMaps4L_469,0,RandomMap 469,1
RandomMaps4L_470,Large RandomMap 470,32768,RandomMaps4L_470,0,RandomMap 470,1
RandomMaps4L_471,Large RandomMap 471,32768,RandomMaps4L_471,0,RandomMap 471,1
RandomMaps4L_472,Large RandomMap 472,32768,RandomMaps4L_472,0,RandomMap 472,1
RandomMaps4L_473,Large RandomMap 473,32768,RandomMaps4L_473,0,RandomMap 473,1
RandomMaps4L_474,Large RandomMap 474,32768,RandomMaps4L_474,0,RandomMap 474,1
RandomMaps4L_475,Large RandomMap 475,32768,RandomMaps4L_475,0,RandomMap 475,1
RandomMaps4L_476,Large RandomMap 476,32768,RandomMaps4L_476,0,RandomMap 476,1
RandomMaps4L_477,Large RandomMap 477,32768,RandomMaps4L_477,0,RandomMap 477,1
RandomMaps4L_478,Large RandomMap 478,32768,RandomMaps4L_478,0,RandomMap 478,1
RandomMaps4L_479,Large RandomMap 479,32768,RandomMaps4L_479,0,RandomMap 479,1
RandomMaps4L_480,Large RandomMap 480,32768,RandomMaps4L_480,0,RandomMap 480,1
RandomMaps4L_481,Large RandomMap 481,32768,RandomMaps4L_481,0,RandomMap 481,1
RandomMaps4L_482,Large RandomMap 482,32768,RandomMaps4L_482,0,RandomMap 482,1
RandomMaps4L_483,Large RandomMap 483,32768,RandomMaps4L_483,0,RandomMap 483,1
RandomMaps4L_484,Large RandomMap 484,32768,RandomMaps4L_484,0,RandomMap 484,1
RandomMaps4L_435,Large RandomMap 435,32768,RandomMaps4L_435,0,RandomMap 435,1
RandomMaps4L_436,Large RandomMap 436,32768,RandomMaps4L_436,0,RandomMap 436,1
RandomMaps4L_437,Large RandomMap 437,32768,RandomMaps4L_437,0,RandomMap 437,1
RandomMaps4L_438,Large RandomMap 438,32768,RandomMaps4L_438,0,RandomMap 438,1
RandomMaps4L_439,Large RandomMap 439,32768,RandomMaps4L_439,0,RandomMap 439,1
RandomMaps4L_440,Large RandomMap 440,32768,RandomMaps4L_440,0,RandomMap 440,1
RandomMaps4L_441,Large RandomMap 441,32768,RandomMaps4L_441,0,RandomMap 441,1
RandomMaps4L_442,Large RandomMap 442,32768,RandomMaps4L_442,0,RandomMap 442,1
RandomMaps4L_443,Large RandomMap 443,32768,RandomMaps4L_443,0,RandomMap 443,1
RandomMaps4L_444,Large RandomMap 444,32768,RandomMaps4L_444,0,RandomMap 444,1
RandomMaps4L_445,Large RandomMap 445,32768,RandomMaps4L_445,0,RandomMap 445,1
RandomMaps4L_446,Large RandomMap 446,32768,RandomMaps4L_446,0,RandomMap 446,1
RandomMaps4L_447,Large RandomMap 447,32768,RandomMaps4L_447,0,RandomMap 447,1
RandomMaps4L_448,Large RandomMap 448,32768,RandomMaps4L_448,0,RandomMap 448,1
RandomMaps4L_449,Large RandomMap 449,32768,RandomMaps4L_449,0,RandomMap 449,1
RandomMaps4L_450,Large RandomMap 450,32768,RandomMaps4L_450,0,RandomMap 450,1
RandomMaps4L_451,Large RandomMap 451,32768,RandomMaps4L_451,0,RandomMap 451,1
RandomMaps4L_452,Large RandomMap 452,32768,RandomMaps4L_452,0,RandomMap 452,1
RandomMaps4L_453,Large RandomMap 453,32768,RandomMaps4L_453,0,RandomMap 453,1
RandomMaps4L_454,Large RandomMap 454,32768,RandomMaps4L_454,0,RandomMap 454,1
RandomMaps4L_455,Large RandomMap 455,32768,RandomMaps4L_455,0,RandomMap 455,1
RandomMaps4L_456,Large RandomMap 456,32768,RandomMaps4L_456,0,RandomMap 456,1
RandomMaps4L_457,Large RandomMap 457,32768,RandomMaps4L_457,0,RandomMap 457,1
RandomMaps4L_458,Large RandomMap 458,32768,RandomMaps4L_458,0,RandomMap 458,1
RandomMaps4L_459,Large RandomMap 459,32768,RandomMaps4L_459,0,RandomMap 459,1
RandomMaps4L_410,Large RandomMap 410,32768,RandomMaps4L_410,0,RandomMap 410,1
RandomMaps4L_411,Large RandomMap 411,32768,RandomMaps4L_411,0,RandomMap 411,1
RandomMaps4L_412,Large RandomMap 412,32768,RandomMaps4L_412,0,RandomMap 412,1
RandomMaps4L_413,Large RandomMap 413,32768,RandomMaps4L_413,0,RandomMap 413,1
RandomMaps4L_414,Large RandomMap 414,32768,RandomMaps4L_414,0,RandomMap 414,1
RandomMaps4L_415,Large RandomMap 415,32768,RandomMaps4L_415,0,RandomMap 415,1
RandomMaps4L_416,Large RandomMap 416,32768,RandomMaps4L_416,0,RandomMap 416,1
RandomMaps4L_417,Large RandomMap 417,32768,RandomMaps4L_417,0,RandomMap 417,1
RandomMaps4L_418,Large RandomMap 418,32768,RandomMaps4L_418,0,RandomMap 418,1
RandomMaps4L_419,Large RandomMap 419,32768,RandomMaps4L_419,0,RandomMap 419,1
RandomMaps4L_420,Large RandomMap 420,32768,RandomMaps4L_420,0,RandomMap 420,1
RandomMaps4L_421,Large RandomMap 421,32768,RandomMaps4L_421,0,RandomMap 421,1
RandomMaps4L_422,Large RandomMap 422,32768,RandomMaps4L_422,0,RandomMap 422,1
RandomMaps4L_423,Large RandomMap 423,32768,RandomMaps4L_423,0,RandomMap 423,1
RandomMaps4L_424,Large RandomMap 424,32768,RandomMaps4L_424,0,RandomMap 424,1
RandomMaps4L_425,Large RandomMap 425,32768,RandomMaps4L_425,0,RandomMap 425,1
RandomMaps4L_426,Large RandomMap 426,32768,RandomMaps4L_426,0,RandomMap 426,1
RandomMaps4L_427,Large RandomMap 427,32768,RandomMaps4L_427,0,RandomMap 427,1
RandomMaps4L_428,Large RandomMap 428,32768,RandomMaps4L_428,0,RandomMap 428,1
RandomMaps4L_429,Large RandomMap 429,32768,RandomMaps4L_429,0,RandomMap 429,1
RandomMaps4L_430,Large RandomMap 430,32768,RandomMaps4L_430,0,RandomMap 430,1
RandomMaps4L_431,Large RandomMap 431,32768,RandomMaps4L_431,0,RandomMap 431,1
RandomMaps4L_432,Large RandomMap 432,32768,RandomMaps4L_432,0,RandomMap 432,1
RandomMaps4L_433,Large RandomMap 433,32768,RandomMaps4L_433,0,RandomMap 433,1
RandomMaps4L_434,Large RandomMap 434,32768,RandomMaps4L_434,0,RandomMap 434,1
RandomMaps4L_385,Large RandomMap 385,32768,RandomMaps4L_385,0,RandomMap 385,1
RandomMaps4L_386,Large RandomMap 386,32768,RandomMaps4L_386,0,RandomMap 386,1
RandomMaps4L_387,Large RandomMap 387,32768,RandomMaps4L_387,0,RandomMap 387,1
RandomMaps4L_388,Large RandomMap 388,32768,RandomMaps4L_388,0,RandomMap 388,1
RandomMaps4L_389,Large RandomMap 389,32768,RandomMaps4L_389,0,RandomMap 389,1
RandomMaps4L_390,Large RandomMap 390,32768,RandomMaps4L_390,0,RandomMap 390,1
RandomMaps4L_391,Large RandomMap 391,32768,RandomMaps4L_391,0,RandomMap 391,1
RandomMaps4L_392,Large RandomMap 392,32768,RandomMaps4L_392,0,RandomMap 392,1
RandomMaps4L_393,Large RandomMap 393,32768,RandomMaps4L_393,0,RandomMap 393,1
RandomMaps4L_394,Large RandomMap 394,32768,RandomMaps4L_394,0,RandomMap 394,1
RandomMaps4L_395,Large RandomMap 395,32768,RandomMaps4L_395,0,RandomMap 395,1
RandomMaps4L_396,Large RandomMap 396,32768,RandomMaps4L_396,0,RandomMap 396,1
RandomMaps4L_397,Large RandomMap 397,32768,RandomMaps4L_397,0,RandomMap 397,1
RandomMaps4L_398,Large RandomMap 398,32768,RandomMaps4L_398,0,RandomMap 398,1
RandomMaps4L_399,Large RandomMap 399,32768,RandomMaps4L_399,0,RandomMap 399,1
RandomMaps4L_400,Large RandomMap 400,32768,RandomMaps4L_400,0,RandomMap 400,1
RandomMaps4L_401,Large RandomMap 401,32768,RandomMaps4L_401,0,RandomMap 401,1
RandomMaps4L_402,Large RandomMap 402,32768,RandomMaps4L_402,0,RandomMap 402,1
RandomMaps4L_403,Large RandomMap 403,32768,RandomMaps4L_403,0,RandomMap 403,1
RandomMaps4L_404,Large RandomMap 404,32768,RandomMaps4L_404,0,RandomMap 404,1
RandomMaps4L_405,Large RandomMap 405,32768,RandomMaps4L_405,0,RandomMap 405,1
RandomMaps4L_406,Large RandomMap 406,32768,RandomMaps4L_406,0,RandomMap 406,1
RandomMaps4L_407,Large RandomMap 407,32768,RandomMaps4L_407,0,RandomMap 407,1
RandomMaps4L_408,Large RandomMap 408,32768,RandomMaps4L_408,0,RandomMap 408,1
RandomMaps4L_409,Large RandomMap 409,32768,RandomMaps4L_409,0,RandomMap 409,1
RandomMaps4L_365,Large RandomMap 365,32768,RandomMaps4L_365,0,RandomMap 365,0,
RandomMaps4L_366,Large RandomMap 366,32768,RandomMaps4L_366,0,RandomMap 366,0,
RandomMaps4L_367,Large RandomMap 367,32768,RandomMaps4L_367,0,RandomMap 367,0,
RandomMaps4L_368,Large RandomMap 368,32768,RandomMaps4L_368,0,RandomMap 368,0,
RandomMaps4L_369,Large RandomMap 369,32768,RandomMaps4L_369,0,RandomMap 369,0,
RandomMaps4L_370,Large RandomMap 370,32768,RandomMaps4L_370,0,RandomMap 370,0,
RandomMaps4L_371,Large RandomMap 371,32768,RandomMaps4L_371,0,RandomMap 371,0,
RandomMaps4L_372,Large RandomMap 372,32768,RandomMaps4L_372,0,RandomMap 372,0,
RandomMaps4L_373,Large RandomMap 373,32768,RandomMaps4L_373,0,RandomMap 373,0,
RandomMaps4L_374,Large RandomMap 374,32768,RandomMaps4L_374,0,RandomMap 374,0,
RandomMaps4L_375,Large RandomMap 375,32768,RandomMaps4L_375,0,RandomMap 375,0,
RandomMaps4L_376,Large RandomMap 376,32768,RandomMaps4L_376,0,RandomMap 376,0,
RandomMaps4L_377,Large RandomMap 377,32768,RandomMaps4L_377,0,RandomMap 377,0,
RandomMaps4L_378,Large RandomMap 378,32768,RandomMaps4L_378,0,RandomMap 378,0,
RandomMaps4L_379,Large RandomMap 379,32768,RandomMaps4L_379,0,RandomMap 379,0,
RandomMaps4L_380,Large RandomMap 380,32768,RandomMaps4L_380,0,RandomMap 380,0,
RandomMaps4L_381,Large RandomMap 381,32768,RandomMaps4L_381,0,RandomMap 381,0,
RandomMaps4L_382,Large RandomMap 382,32768,RandomMaps4L_382,0,RandomMap 382,0,
RandomMaps4L_383,Large RandomMap 383,32768,RandomMaps4L_383,0,RandomMap 383,0,
RandomMaps4L_384,Large RandomMap 384,32768,RandomMaps4L_384,0,RandomMap 384,0,
RandomMaps4L_345,Large RandomMap 345,32768,RandomMaps4L_345,0,RandomMap 345,0,
RandomMaps4L_346,Large RandomMap 346,32768,RandomMaps4L_346,0,RandomMap 346,0,
RandomMaps4L_347,Large RandomMap 347,32768,RandomMaps4L_347,0,RandomMap 347,0,
RandomMaps4L_348,Large RandomMap 348,32768,RandomMaps4L_348,0,RandomMap 348,0,
RandomMaps4L_349,Large RandomMap 349,32768,RandomMaps4L_349,0,RandomMap 349,0,
RandomMaps4L_350,Large RandomMap 350,32768,RandomMaps4L_350,0,RandomMap 350,0,
RandomMaps4L_351,Large RandomMap 351,32768,RandomMaps4L_351,0,RandomMap 351,0,
RandomMaps4L_352,Large RandomMap 352,32768,RandomMaps4L_352,0,RandomMap 352,0,
RandomMaps4L_353,Large RandomMap 353,32768,RandomMaps4L_353,0,RandomMap 353,0,
RandomMaps4L_354,Large RandomMap 354,32768,RandomMaps4L_354,0,RandomMap 354,0,
RandomMaps4L_355,Large RandomMap 355,32768,RandomMaps4L_355,0,RandomMap 355,0,
RandomMaps4L_356,Large RandomMap 356,32768,RandomMaps4L_356,0,RandomMap 356,0,
RandomMaps4L_357,Large RandomMap 357,32768,RandomMaps4L_357,0,RandomMap 357,0,
RandomMaps4L_358,Large RandomMap 358,32768,RandomMaps4L_358,0,RandomMap 358,0,
RandomMaps4L_359,Large RandomMap 359,32768,RandomMaps4L_359,0,RandomMap 359,0,
RandomMaps4L_360,Large RandomMap 360,32768,RandomMaps4L_360,0,RandomMap 360,0,
RandomMaps4L_361,Large RandomMap 361,32768,RandomMaps4L_361,0,RandomMap 361,0,
RandomMaps4L_362,Large RandomMap 362,32768,RandomMaps4L_362,0,RandomMap 362,0,
RandomMaps4L_363,Large RandomMap 363,32768,RandomMaps4L_363,0,RandomMap 363,0,
RandomMaps4L_364,Large RandomMap 364,32768,RandomMaps4L_364,0,RandomMap 364,0,
RandomMaps4L_325,Large RandomMap 325,32768,RandomMaps4L_325,0,RandomMap 325,0,
RandomMaps4L_326,Large RandomMap 326,32768,RandomMaps4L_326,0,RandomMap 326,0,
RandomMaps4L_327,Large RandomMap 327,32768,RandomMaps4L_327,0,RandomMap 327,0,
RandomMaps4L_328,Large RandomMap 328,32768,RandomMaps4L_328,0,RandomMap 328,0,
RandomMaps4L_329,Large RandomMap 329,32768,RandomMaps4L_329,0,RandomMap 329,0,
RandomMaps4L_330,Large RandomMap 330,32768,RandomMaps4L_330,0,RandomMap 330,0,
RandomMaps4L_331,Large RandomMap 331,32768,RandomMaps4L_331,0,RandomMap 331,0,
RandomMaps4L_332,Large RandomMap 332,32768,RandomMaps4L_332,0,RandomMap 332,0,
RandomMaps4L_333,Large RandomMap 333,32768,RandomMaps4L_333,0,RandomMap 333,0,
RandomMaps4L_334,Large RandomMap 334,32768,RandomMaps4L_334,0,RandomMap 334,0,
RandomMaps4L_335,Large RandomMap 335,32768,RandomMaps4L_335,0,RandomMap 335,0,
RandomMaps4L_336,Large RandomMap 336,32768,RandomMaps4L_336,0,RandomMap 336,0,
RandomMaps4L_337,Large RandomMap 337,32768,RandomMaps4L_337,0,RandomMap 337,0,
RandomMaps4L_338,Large RandomMap 338,32768,RandomMaps4L_338,0,RandomMap 338,0,
RandomMaps4L_339,Large RandomMap 339,32768,RandomMaps4L_339,0,RandomMap 339,0,
RandomMaps4L_340,Large RandomMap 340,32768,RandomMaps4L_340,0,RandomMap 340,0,
RandomMaps4L_341,Large RandomMap 341,32768,RandomMaps4L_341,0,RandomMap 341,0,
RandomMaps4L_342,Large RandomMap 342,32768,RandomMaps4L_342,0,RandomMap 342,0,
RandomMaps4L_343,Large RandomMap 343,32768,RandomMaps4L_343,0,RandomMap 343,0,
RandomMaps4L_344,Large RandomMap 344,32768,RandomMaps4L_344,0,RandomMap 344,0,
RandomMaps4L_310,Large RandomMap 310,32768,RandomMaps4L_310,0,RandomMap 310,0,
RandomMaps4L_311,Large RandomMap 311,32768,RandomMaps4L_311,0,RandomMap 311,0,
RandomMaps4L_312,Large RandomMap 312,32768,RandomMaps4L_312,0,RandomMap 312,0,
RandomMaps4L_313,Large RandomMap 313,32768,RandomMaps4L_313,0,RandomMap 313,0,
RandomMaps4L_315,Large RandomMap 315,32768,RandomMaps4L_315,0,RandomMap 315,0,
RandomMaps4L_316,Large RandomMap 316,32768,RandomMaps4L_316,0,RandomMap 316,0,
RandomMaps4L_317,Large RandomMap 317,32768,RandomMaps4L_317,0,RandomMap 317,0,
RandomMaps4L_318,Large RandomMap 318,32768,RandomMaps4L_318,0,RandomMap 318,0,
RandomMaps4L_319,Large RandomMap 319,32768,RandomMaps4L_319,0,RandomMap 319,0,
RandomMaps4L_320,Large RandomMap 320,32768,RandomMaps4L_320,0,RandomMap 320,0,
RandomMaps4L_321,Large RandomMap 321,32768,RandomMaps4L_321,0,RandomMap 321,0,
RandomMaps4L_322,Large RandomMap 322,32768,RandomMaps4L_322,0,RandomMap 322,0,
RandomMaps4L_323,Large RandomMap 323,32768,RandomMaps4L_323,0,RandomMap 323,0,
RandomMaps4L_324,Large RandomMap 324,32768,RandomMaps4L_324,0,RandomMap 324,0,
RandomMaps4L_295,Large RandomMap 295,32768,RandomMaps4L_295,0,RandomMap 295,0,
RandomMaps4L_296,Large RandomMap 296,32768,RandomMaps4L_296,0,RandomMap 296,0,
RandomMaps4L_297,Large RandomMap 297,32768,RandomMaps4L_297,0,RandomMap 297,0,
RandomMaps4L_298,Large RandomMap 298,32768,RandomMaps4L_298,0,RandomMap 298,0,
RandomMaps4L_299,Large RandomMap 299,32768,RandomMaps4L_299,0,RandomMap 299,0,
RandomMaps4L_300,Large RandomMap 300,32768,RandomMaps4L_300,0,RandomMap 300,0,
RandomMaps4L_301,Large RandomMap 301,32768,RandomMaps4L_301,0,RandomMap 301,0,
RandomMaps4L_302,Large RandomMap 302,32768,RandomMaps4L_302,0,RandomMap 302,0,
RandomMaps4L_303,Large RandomMap 303,32768,RandomMaps4L_303,0,RandomMap 303,0,
RandomMaps4L_304,Large RandomMap 304,32768,RandomMaps4L_304,0,RandomMap 304,0,
RandomMaps4L_305,Large RandomMap 305,32768,RandomMaps4L_305,0,RandomMap 305,0,
RandomMaps4L_306,Large RandomMap 306,32768,RandomMaps4L_306,0,RandomMap 306,0,
RandomMaps4L_307,Large RandomMap 307,32768,RandomMaps4L_307,0,RandomMap 307,0,
RandomMaps4L_308,Large RandomMap 308,32768,RandomMaps4L_308,0,RandomMap 308,0,
RandomMaps4L_309,Large RandomMap 309,32768,RandomMaps4L_309,0,RandomMap 309,0,
RandomMaps4L_280,Large RandomMap 280,32768,RandomMaps4L_280,0,RandomMap 280,0,
RandomMaps4L_281,Large RandomMap 281,32768,RandomMaps4L_281,0,RandomMap 281,0,
RandomMaps4L_282,Large RandomMap 282,32768,RandomMaps4L_282,0,RandomMap 282,0,
RandomMaps4L_283,Large RandomMap 283,32768,RandomMaps4L_283,0,RandomMap 283,0,
RandomMaps4L_284,Large RandomMap 284,32768,RandomMaps4L_284,0,RandomMap 284,0,
RandomMaps4L_285,Large RandomMap 285,32768,RandomMaps4L_285,0,RandomMap 285,0,
RandomMaps4L_286,Large RandomMap 286,32768,RandomMaps4L_286,0,RandomMap 286,0,
RandomMaps4L_287,Large RandomMap 287,32768,RandomMaps4L_287,0,RandomMap 287,0,
RandomMaps4L_288,Large RandomMap 288,32768,RandomMaps4L_288,0,RandomMap 288,0,
RandomMaps4L_289,Large RandomMap 289,32768,RandomMaps4L_289,0,RandomMap 289,0,
RandomMaps4L_290,Large RandomMap 290,32768,RandomMaps4L_290,0,RandomMap 290,0,
RandomMaps4L_291,Large RandomMap 291,32768,RandomMaps4L_291,0,RandomMap 291,0,
RandomMaps4L_292,Large RandomMap 292,32768,RandomMaps4L_292,0,RandomMap 292,0,
RandomMaps4L_293,Large RandomMap 293,32768,RandomMaps4L_293,0,RandomMap 293,0,
RandomMaps4L_294,Large RandomMap 294,32768,RandomMaps4L_294,0,RandomMap 294,0,
RandomMaps4L_265,Large RandomMap 265,32768,RandomMaps4L_265,0,RandomMap 265,0,
RandomMaps4L_266,Large RandomMap 266,32768,RandomMaps4L_266,0,RandomMap 266,0,
RandomMaps4L_267,Large RandomMap 267,32768,RandomMaps4L_267,0,RandomMap 267,0,
RandomMaps4L_268,Large RandomMap 268,32768,RandomMaps4L_268,0,RandomMap 268,0,
RandomMaps4L_269,Large RandomMap 269,32768,RandomMaps4L_269,0,RandomMap 269,0,
RandomMaps4L_270,Large RandomMap 270,32768,RandomMaps4L_270,0,RandomMap 270,0,
RandomMaps4L_271,Large RandomMap 271,32768,RandomMaps4L_271,0,RandomMap 271,0,
RandomMaps4L_272,Large RandomMap 272,32768,RandomMaps4L_272,0,RandomMap 272,0,
RandomMaps4L_273,Large RandomMap 273,32768,RandomMaps4L_273,0,RandomMap 273,0,
RandomMaps4L_274,Large RandomMap 274,32768,RandomMaps4L_274,0,RandomMap 274,0,
RandomMaps4L_275,Large RandomMap 275,32768,RandomMaps4L_275,0,RandomMap 275,0,
RandomMaps4L_276,Large RandomMap 276,32768,RandomMaps4L_276,0,RandomMap 276,0,
RandomMaps4L_277,Large RandomMap 277,32768,RandomMaps4L_277,0,RandomMap 277,0,
RandomMaps4L_278,Large RandomMap 278,32768,RandomMaps4L_278,0,RandomMap 278,0,
RandomMaps4L_279,Large RandomMap 279,32768,RandomMaps4L_279,0,RandomMap 279,0,
RandomMaps4L_250,Large RandomMap 250,32768,RandomMaps4L_250,0,RandomMap 250,0,
RandomMaps4L_251,Large RandomMap 251,32768,RandomMaps4L_251,0,RandomMap 251,0,
RandomMaps4L_252,Large RandomMap 252,32768,RandomMaps4L_252,0,RandomMap 252,0,
RandomMaps4L_253,Large RandomMap 253,32768,RandomMaps4L_253,0,RandomMap 253,0,
RandomMaps4L_254,Large RandomMap 254,32768,RandomMaps4L_254,0,RandomMap 254,0,
RandomMaps4L_255,Large RandomMap 255,32768,RandomMaps4L_255,0,RandomMap 255,0,
RandomMaps4L_256,Large RandomMap 256,32768,RandomMaps4L_256,0,RandomMap 256,0,
RandomMaps4L_257,Large RandomMap 257,32768,RandomMaps4L_257,0,RandomMap 257,0,
RandomMaps4L_258,Large RandomMap 258,32768,RandomMaps4L_258,0,RandomMap 258,0,
RandomMaps4L_259,Large RandomMap 259,32768,RandomMaps4L_259,0,RandomMap 259,0,
RandomMaps4L_260,Large RandomMap 260,32768,RandomMaps4L_260,0,RandomMap 260,0,
RandomMaps4L_261,Large RandomMap 261,32768,RandomMaps4L_261,0,RandomMap 261,0,
RandomMaps4L_262,Large RandomMap 262,32768,RandomMaps4L_262,0,RandomMap 262,0,
RandomMaps4L_263,Large RandomMap 263,32768,RandomMaps4L_263,0,RandomMap 263,0,
RandomMaps4L_264,Large RandomMap 264,32768,RandomMaps4L_264,0,RandomMap 264,0,
RandomMaps4L_235,Large RandomMap 235,32768,RandomMaps4L_235,0,RandomMap 235,0,
RandomMaps4L_236,Large RandomMap 236,32768,RandomMaps4L_236,0,RandomMap 236,0,
RandomMaps4L_237,Large RandomMap 237,32768,RandomMaps4L_237,0,RandomMap 237,0,
RandomMaps4L_238,Large RandomMap 238,32768,RandomMaps4L_238,0,RandomMap 238,0,
RandomMaps4L_239,Large RandomMap 239,32768,RandomMaps4L_239,0,RandomMap 239,0,
RandomMaps4L_240,Large RandomMap 240,32768,RandomMaps4L_240,0,RandomMap 240,0,
RandomMaps4L_241,Large RandomMap 241,32768,RandomMaps4L_241,0,RandomMap 241,0,
RandomMaps4L_242,Large RandomMap 242,32768,RandomMaps4L_242,0,RandomMap 242,0,
RandomMaps4L_243,Large RandomMap 243,32768,RandomMaps4L_243,0,RandomMap 243,0,
RandomMaps4L_244,Large RandomMap 244,32768,RandomMaps4L_244,0,RandomMap 244,0,
RandomMaps4L_245,Large RandomMap 245,32768,RandomMaps4L_245,0,RandomMap 245,0,
RandomMaps4L_246,Large RandomMap 246,32768,RandomMaps4L_246,0,RandomMap 246,0,
RandomMaps4L_247,Large RandomMap 247,32768,RandomMaps4L_247,0,RandomMap 247,0,
RandomMaps4L_248,Large RandomMap 248,32768,RandomMaps4L_248,0,RandomMap 248,0,
RandomMaps4L_249,Large RandomMap 249,32768,RandomMaps4L_249,0,RandomMap 249,0,
RandomMaps4L_220,Large RandomMap 220,32768,RandomMaps4L_220,0,RandomMap 220,0,
RandomMaps4L_221,Large RandomMap 221,32768,RandomMaps4L_221,0,RandomMap 221,0,
RandomMaps4L_222,Large RandomMap 222,32768,RandomMaps4L_222,0,RandomMap 222,0,
RandomMaps4L_223,Large RandomMap 223,32768,RandomMaps4L_223,0,RandomMap 223,0,
RandomMaps4L_224,Large RandomMap 224,32768,RandomMaps4L_224,0,RandomMap 224,0,
RandomMaps4L_225,Large RandomMap 225,32768,RandomMaps4L_225,0,RandomMap 225,0,
RandomMaps4L_226,Large RandomMap 226,32768,RandomMaps4L_226,0,RandomMap 226,0,
RandomMaps4L_227,Large RandomMap 227,32768,RandomMaps4L_227,0,RandomMap 227,0,
RandomMaps4L_228,Large RandomMap 228,32768,RandomMaps4L_228,0,RandomMap 228,0,
RandomMaps4L_229,Large RandomMap 229,32768,RandomMaps4L_229,0,RandomMap 229,0,
RandomMaps4L_230,Large RandomMap 230,32768,RandomMaps4L_230,0,RandomMap 230,0,
RandomMaps4L_231,Large RandomMap 231,32768,RandomMaps4L_231,0,RandomMap 231,0,
RandomMaps4L_232,Large RandomMap 232,32768,RandomMaps4L_232,0,RandomMap 232,0,
RandomMaps4L_233,Large RandomMap 233,32768,RandomMaps4L_233,0,RandomMap 233,0,
RandomMaps4L_205,Large RandomMap 205,32768,RandomMaps4L_205,0,RandomMap 205,0,
RandomMaps4L_206,Large RandomMap 206,32768,RandomMaps4L_206,0,RandomMap 206,0,
RandomMaps4L_207,Large RandomMap 207,32768,RandomMaps4L_207,0,RandomMap 207,0,
RandomMaps4L_208,Large RandomMap 208,32768,RandomMaps4L_208,0,RandomMap 208,0,
RandomMaps4L_209,Large RandomMap 209,32768,RandomMaps4L_209,0,RandomMap 209,0,
RandomMaps4L_210,Large RandomMap 210,32768,RandomMaps4L_210,0,RandomMap 210,0,
RandomMaps4L_211,Large RandomMap 211,32768,RandomMaps4L_211,0,RandomMap 211,0,
RandomMaps4L_212,Large RandomMap 212,32768,RandomMaps4L_212,0,RandomMap 212,0,
RandomMaps4L_213,Large RandomMap 213,32768,RandomMaps4L_213,0,RandomMap 213,0,
RandomMaps4L_214,Large RandomMap 214,32768,RandomMaps4L_214,0,RandomMap 214,0,
RandomMaps4L_215,Large RandomMap 215,32768,RandomMaps4L_215,0,RandomMap 215,0,
RandomMaps4L_216,Large RandomMap 216,32768,RandomMaps4L_216,0,RandomMap 216,0,
RandomMaps4L_217,Large RandomMap 217,32768,RandomMaps4L_217,0,RandomMap 217,0,
RandomMaps4L_218,Large RandomMap 218,32768,RandomMaps4L_218,0,RandomMap 218,0,
RandomMaps4L_219,Large RandomMap 219,32768,RandomMaps4L_219,0,RandomMap 219,0,
RandomMaps4L_190,Large RandomMap 190,32768,RandomMaps4L_190,0,RandomMap 190,0,
RandomMaps4L_191,Large RandomMap 191,32768,RandomMaps4L_191,0,RandomMap 191,0,
RandomMaps4L_192,Large RandomMap 192,32768,RandomMaps4L_192,0,RandomMap 192,0,
RandomMaps4L_193,Large RandomMap 193,32768,RandomMaps4L_193,0,RandomMap 193,0,
RandomMaps4L_194,Large RandomMap 194,32768,RandomMaps4L_194,0,RandomMap 194,0,
RandomMaps4L_195,Large RandomMap 195,32768,RandomMaps4L_195,0,RandomMap 195,0,
RandomMaps4L_196,Large RandomMap 196,32768,RandomMaps4L_196,0,RandomMap 196,0,
RandomMaps4L_197,Large RandomMap 197,32768,RandomMaps4L_197,0,RandomMap 197,0,
RandomMaps4L_198,Large RandomMap 198,32768,RandomMaps4L_198,0,RandomMap 198,0,
RandomMaps4L_199,Large RandomMap 199,32768,RandomMaps4L_199,0,RandomMap 199,0,
RandomMaps4L_200,Large RandomMap 200,32768,RandomMaps4L_200,0,RandomMap 200,0,
RandomMaps4L_201,Large RandomMap 201,32768,RandomMaps4L_201,0,RandomMap 201,0,
RandomMaps4L_202,Large RandomMap 202,32768,RandomMaps4L_202,0,RandomMap 202,0,
RandomMaps4L_203,Large RandomMap 203,32768,RandomMaps4L_203,0,RandomMap 203,0,
RandomMaps4L_204,Large RandomMap 204,32768,RandomMaps4L_204,0,RandomMap 204,0,
RandomMaps4L_175,Large RandomMap 175,32768,RandomMaps4L_175,0,RandomMap 175,0,
RandomMaps4L_176,Large RandomMap 176,32768,RandomMaps4L_176,0,RandomMap 176,0,
RandomMaps4L_177,Large RandomMap 177,32768,RandomMaps4L_177,0,RandomMap 177,0,
RandomMaps4L_178,Large RandomMap 178,32768,RandomMaps4L_178,0,RandomMap 178,0,
RandomMaps4L_179,Large RandomMap 179,32768,RandomMaps4L_179,0,RandomMap 179,0,
RandomMaps4L_180,Large RandomMap 180,32768,RandomMaps4L_180,0,RandomMap 180,0,
RandomMaps4L_181,Large RandomMap 181,32768,RandomMaps4L_181,0,RandomMap 181,0,
RandomMaps4L_182,Large RandomMap 182,32768,RandomMaps4L_182,0,RandomMap 182,0,
RandomMaps4L_183,Large RandomMap 183,32768,RandomMaps4L_183,0,RandomMap 183,0,
RandomMaps4L_184,Large RandomMap 184,32768,RandomMaps4L_184,0,RandomMap 184,0,
RandomMaps4L_185,Large RandomMap 185,32768,RandomMaps4L_185,0,RandomMap 185,0,
RandomMaps4L_186,Large RandomMap 186,32768,RandomMaps4L_186,0,RandomMap 186,0,
RandomMaps4L_187,Large RandomMap 187,32768,RandomMaps4L_187,0,RandomMap 187,0,
RandomMaps4L_188,Large RandomMap 188,32768,RandomMaps4L_188,0,RandomMap 188,0,
RandomMaps4L_189,Large RandomMap 189,32768,RandomMaps4L_189,0,RandomMap 189,0,
RandomMaps4L_160,Large RandomMap 160,32768,RandomMaps4L_160,0,RandomMap 160,0,
RandomMaps4L_161,Large RandomMap 161,32768,RandomMaps4L_161,0,RandomMap 161,0,
RandomMaps4L_162,Large RandomMap 162,32768,RandomMaps4L_162,0,RandomMap 162,0,
RandomMaps4L_163,Large RandomMap 163,32768,RandomMaps4L_163,0,RandomMap 163,0,
RandomMaps4L_164,Large RandomMap 164,32768,RandomMaps4L_164,0,RandomMap 164,0,
RandomMaps4L_165,Large RandomMap 165,32768,RandomMaps4L_165,0,RandomMap 165,0,
RandomMaps4L_166,Large RandomMap 166,32768,RandomMaps4L_166,0,RandomMap 166,0,
RandomMaps4L_167,Large RandomMap 167,32768,RandomMaps4L_167,0,RandomMap 167,0,
RandomMaps4L_168,Large RandomMap 168,32768,RandomMaps4L_168,0,RandomMap 168,0,
RandomMaps4L_169,Large RandomMap 169,32768,RandomMaps4L_169,0,RandomMap 169,0,
RandomMaps4L_170,Large RandomMap 170,32768,RandomMaps4L_170,0,RandomMap 170,0,
RandomMaps4L_171,Large RandomMap 171,32768,RandomMaps4L_171,0,RandomMap 171,0,
RandomMaps4L_172,Large RandomMap 172,32768,RandomMaps4L_172,0,RandomMap 172,0,
RandomMaps4L_173,Large RandomMap 173,32768,RandomMaps4L_173,0,RandomMap 173,0,
RandomMaps4L_174,Large RandomMap 174,32768,RandomMaps4L_174,0,RandomMap 174,0,
RandomMaps4L_145,Large RandomMap 145,32768,RandomMaps4L_145,0,RandomMap 145,0,
RandomMaps4L_146,Large RandomMap 146,32768,RandomMaps4L_146,0,RandomMap 146,0,
RandomMaps4L_147,Large RandomMap 147,32768,RandomMaps4L_147,0,RandomMap 147,0,
RandomMaps4L_148,Large RandomMap 148,32768,RandomMaps4L_148,0,RandomMap 148,0,
RandomMaps4L_149,Large RandomMap 149,32768,RandomMaps4L_149,0,RandomMap 149,0,
RandomMaps4L_150,Large RandomMap 150,32768,RandomMaps4L_150,0,RandomMap 150,0,
RandomMaps4L_151,Large RandomMap 151,32768,RandomMaps4L_151,0,RandomMap 151,0,
RandomMaps4L_152,Large RandomMap 152,32768,RandomMaps4L_152,0,RandomMap 152,0,
RandomMaps4L_153,Large RandomMap 153,32768,RandomMaps4L_153,0,RandomMap 153,0,
RandomMaps4L_154,Large RandomMap 154,32768,RandomMaps4L_154,0,RandomMap 154,0,
RandomMaps4L_155,Large RandomMap 155,32768,RandomMaps4L_155,0,RandomMap 155,0,
RandomMaps4L_156,Large RandomMap 156,32768,RandomMaps4L_156,0,RandomMap 156,0,
RandomMaps4L_157,Large RandomMap 157,32768,RandomMaps4L_157,0,RandomMap 157,0,
RandomMaps4L_158,Large RandomMap 158,32768,RandomMaps4L_158,0,RandomMap 158,0,
RandomMaps4L_159,Large RandomMap 159,32768,RandomMaps4L_159,0,RandomMap 159,0,
RandomMaps4L_135,Large RandomMap 135,32768,RandomMaps4L_135,0,RandomMap 135,0,
RandomMaps4L_136,Large RandomMap 136,32768,RandomMaps4L_136,0,RandomMap 136,0,
RandomMaps4L_137,Large RandomMap 137,32768,RandomMaps4L_137,0,RandomMap 137,0,
RandomMaps4L_138,Large RandomMap 138,32768,RandomMaps4L_138,0,RandomMap 138,0,
RandomMaps4L_139,Large RandomMap 139,32768,RandomMaps4L_139,0,RandomMap 139,0,
RandomMaps4L_140,Large RandomMap 140,32768,RandomMaps4L_140,0,RandomMap 140,0,
RandomMaps4L_141,Large RandomMap 141,32768,RandomMaps4L_141,0,RandomMap 141,0,
RandomMaps4L_142,Large RandomMap 142,32768,RandomMaps4L_142,0,RandomMap 142,0,
RandomMaps4L_143,Large RandomMap 143,32768,RandomMaps4L_143,0,RandomMap 143,0,
RandomMaps4L_144,Large RandomMap 144,32768,RandomMaps4L_144,0,RandomMap 144,0,
RandomMaps4L_130,Large RandomMap 130,32768,RandomMaps4L_130,0,RandomMap 130,0,
RandomMaps4L_131,Large RandomMap 131,32768,RandomMaps4L_131,0,RandomMap 131,0,
RandomMaps4L_132,Large RandomMap 132,32768,RandomMaps4L_132,0,RandomMap 132,0,
RandomMaps4L_133,Large RandomMap 133,32768,RandomMaps4L_133,0,RandomMap 133,0,
RandomMaps4L_134,Large RandomMap 134,32768,RandomMaps4L_134,0,RandomMap 134,0,
RandomMaps4L_125,Large RandomMap 125,32768,RandomMaps4L_125,0,RandomMap 125,0,
RandomMaps4L_126,Large RandomMap 126,32768,RandomMaps4L_126,0,RandomMap 126,0,
RandomMaps4L_127,Large RandomMap 127,32768,RandomMaps4L_127,0,RandomMap 127,0,
RandomMaps4L_128,Large RandomMap 128,32768,RandomMaps4L_128,0,RandomMap 128,0,
RandomMaps4L_129,Large RandomMap 129,32768,RandomMaps4L_129,0,RandomMap 129,0,
RandomMaps4L_115,Large RandomMap 115,32768,RandomMaps4L_115,0,RandomMap 115,0,
RandomMaps4L_116,Large RandomMap 116,32768,RandomMaps4L_116,0,RandomMap 116,0,
RandomMaps4L_117,Large RandomMap 117,32768,RandomMaps4L_117,0,RandomMap 117,0,
RandomMaps4L_118,Large RandomMap 118,32768,RandomMaps4L_118,0,RandomMap 118,0,
RandomMaps4L_119,Large RandomMap 119,32768,RandomMaps4L_119,0,RandomMap 119,0,
RandomMaps4L_95,Large RandomMap 95,32768,RandomMaps4L_95,0,RandomMap 95,0,
RandomMaps4L_96,Large RandomMap 96,32768,RandomMaps4L_96,0,RandomMap 96,0,
RandomMaps4L_97,Large RandomMap 97,32768,RandomMaps4L_97,0,RandomMap 97,0,
RandomMaps4L_98,Large RandomMap 98,32768,RandomMaps4L_98,0,RandomMap 98,0,
RandomMaps4L_99,Large RandomMap 99,32768,RandomMaps4L_99,0,RandomMap 99,0,
RandomMaps4L_100,Large RandomMap 100,32768,RandomMaps4L_100,0,RandomMap 100,0,
RandomMaps4L_101,Large RandomMap 101,32768,RandomMaps4L_101,0,RandomMap 101,0,
RandomMaps4L_102,Large RandomMap 102,32768,RandomMaps4L_102,0,RandomMap 102,0,
RandomMaps4L_103,Large RandomMap 103,32768,RandomMaps4L_103,0,RandomMap 103,0,
RandomMaps4L_104,Large RandomMap 104,32768,RandomMaps4L_104,0,RandomMap 104,0,
RandomMaps4L_120,Large RandomMap 120,32768,RandomMaps4L_120,0,RandomMap 120,0,
RandomMaps4L_121,Large RandomMap 121,32768,RandomMaps4L_121,0,RandomMap 121,0,
RandomMaps4L_122,Large RandomMap 122,32768,RandomMaps4L_122,0,RandomMap 122,0,
RandomMaps4L_123,Large RandomMap 123,32768,RandomMaps4L_123,0,RandomMap 123,0,
RandomMaps4L_124,Large RandomMap 124,32768,RandomMaps4L_124,0,RandomMap 124,0,
,,,,,,,
RandomMaps4L_15,Large RandomMap 15,32768,RandomMaps4L_15,0,RandomMap 15,0,
RandomMaps4L_16,Large RandomMap 16,32768,RandomMaps4L_16,0,RandomMap 16,0,
RandomMaps4L_17,Large RandomMap 17,32768,RandomMaps4L_17,0,RandomMap 17,0,
RandomMaps4L_18,Large RandomMap 18,32768,RandomMaps4L_18,0,RandomMap 18,0,
RandomMaps4L_19,Large RandomMap 19,32768,RandomMaps4L_19,0,RandomMap 19,0,
RandomMaps4L_20,Large RandomMap 20,32768,RandomMaps4L_20,0,RandomMap 20,0,
RandomMaps4L_21,Large RandomMap 21,32768,RandomMaps4L_21,0,RandomMap 21,0,
RandomMaps4L_22,Large RandomMap 22,32768,RandomMaps4L_22,0,RandomMap 22,0,
RandomMaps4L_23,Large RandomMap 23,32768,RandomMaps4L_23,0,RandomMap 23,0,
RandomMaps4L_24,Large RandomMap 24,32768,RandomMaps4L_24,0,RandomMap 24,0,
RandomMaps4L_25,Large RandomMap 25,32768,RandomMaps4L_25,0,RandomMap 25,0,
RandomMaps4L_26,Large RandomMap 26,32768,RandomMaps4L_26,0,RandomMap 26,0,
RandomMaps4L_27,Large RandomMap 27,32768,RandomMaps4L_27,0,RandomMap 27,0,
RandomMaps4L_28,Large RandomMap 28,32768,RandomMaps4L_28,0,RandomMap 28,0,
RandomMaps4L_29,Large RandomMap 29,32768,RandomMaps4L_29,0,RandomMap 29,0,
RandomMaps4L_30,Large RandomMap 30,32768,RandomMaps4L_30,0,RandomMap 30,0,
RandomMaps4L_31,Large RandomMap 31,32768,RandomMaps4L_31,0,RandomMap 31,0,
RandomMaps4L_32,Large RandomMap 32,32768,RandomMaps4L_32,0,RandomMap 32,0,
RandomMaps4L_33,Large RandomMap 33,32768,RandomMaps4L_33,0,RandomMap 33,0,
RandomMaps4L_34,Large RandomMap 34,32768,RandomMaps4L_34,0,RandomMap 34,0,
RandomMaps4L_35,Large RandomMap 35,32768,RandomMaps4L_35,0,RandomMap 35,0,
RandomMaps4L_36,Large RandomMap 36,32768,RandomMaps4L_36,0,RandomMap 36,0,
RandomMaps4L_37,Large RandomMap 37,32768,RandomMaps4L_37,0,RandomMap 37,0,
RandomMaps4L_38,Large RandomMap 38,32768,RandomMaps4L_38,0,RandomMap 38,0,
RandomMaps4L_39,Large RandomMap 39,32768,RandomMaps4L_39,0,RandomMap 39,0,
RandomMaps4L_40,Large RandomMap 40,32768,RandomMaps4L_40,0,RandomMap 40,0,
RandomMaps4L_41,Large RandomMap 41,32768,RandomMaps4L_41,0,RandomMap 41,0,
RandomMaps4L_42,Large RandomMap 42,32768,RandomMaps4L_42,0,RandomMap 42,0,
RandomMaps4L_43,Large RandomMap 43,32768,RandomMaps4L_43,0,RandomMap 43,0,
RandomMaps4L_44,Large RandomMap 44,32768,RandomMaps4L_44,0,RandomMap 44,0,
RandomMaps4L_45,Large RandomMap 45,32768,RandomMaps4L_45,0,RandomMap 45,0,
RandomMaps4L_46,Large RandomMap 46,32768,RandomMaps4L_46,0,RandomMap 46,0,
RandomMaps4L_47,Large RandomMap 47,32768,RandomMaps4L_47,0,RandomMap 47,0,
RandomMaps4L_48,Large RandomMap 48,32768,RandomMaps4L_48,0,RandomMap 48,0,
RandomMaps4L_49,Large RandomMap 49,32768,RandomMaps4L_49,0,RandomMap 49,0,
RandomMaps4L_50,Large RandomMap 50,32768,RandomMaps4L_50,0,RandomMap 50,0,
RandomMaps4L_51,Large RandomMap 51,32768,RandomMaps4L_51,0,RandomMap 51,0,
RandomMaps4L_52,Large RandomMap 52,32768,RandomMaps4L_52,0,RandomMap 52,0,
RandomMaps4L_53,Large RandomMap 53,32768,RandomMaps4L_53,0,RandomMap 53,0,
RandomMaps4L_54,Large RandomMap 54,32768,RandomMaps4L_54,0,RandomMap 54,0,
RandomMaps4L_70,Large RandomMap 70,32768,RandomMaps4L_70,0,RandomMap 70,0,
RandomMaps4L_71,Large RandomMap 71,32768,RandomMaps4L_71,0,RandomMap 71,0,
RandomMaps4L_72,Large RandomMap 72,32768,RandomMaps4L_72,0,RandomMap 72,0,
RandomMaps4L_73,Large RandomMap 73,32768,RandomMaps4L_73,0,RandomMap 73,0,
RandomMaps4L_74,Large RandomMap 74,32768,RandomMaps4L_74,0,RandomMap 74,0,
RandomMaps4L_75,Large RandomMap 75,32768,RandomMaps4L_75,0,RandomMap 75,0,
RandomMaps4L_76,Large RandomMap 76,32768,RandomMaps4L_76,0,RandomMap 76,0,
RandomMaps4L_77,Large RandomMap 77,32768,RandomMaps4L_77,0,RandomMap 77,0,
RandomMaps4L_78,Large RandomMap 78,32768,RandomMaps4L_78,0,RandomMap 78,0,
RandomMaps4L_79,Large RandomMap 79,32768,RandomMaps4L_79,0,RandomMap 79,0,
RandomMaps4L_90,Large RandomMap 90,32768,RandomMaps4L_90,0,RandomMap 90,0,
RandomMaps4L_91,Large RandomMap 91,32768,RandomMaps4L_91,0,RandomMap 91,0,
RandomMaps4L_92,Large RandomMap 92,32768,RandomMaps4L_92,0,RandomMap 92,0,
RandomMaps4L_93,Large RandomMap 93,32768,RandomMaps4L_93,0,RandomMap 93,0,
RandomMaps4L_94,Large RandomMap 94,32768,RandomMaps4L_94,0,RandomMap 94,0,
,,,,,,,
RandomMap1,RandomMap 1 (less woods),16384,RandomMap,0,RandomMap,0,
RandomMap2,RandomMap 2,16384,RandomMap,0,RandomMap,0,
RandomMap3,RandomMap 3,16384,RandomMap,0,RandomMap,0,
RandomMap4,RandomMap 4,16384,RandomMap,0,RandomMap,0,
RandomMap5,RandomMap 5,16384,RandomMap,0,RandomMap,0,
RandomMap6,RandomMap 6 (most woods),16384,RandomMap,0,RandomMap,0,
,,,,,,,
SmallRandomMap1,RandomMap 1,16384,RandomMap,0,RandomMap,0,
SmallRandomMap2,RandomMap 2,16384,RandomMap,0,RandomMap,0,
SmallRandomMap3,RandomMap 3,16384,RandomMap,0,RandomMap,0,
LargeRandomMap1,Large RandomMap 1,32768,LargeRandomMap,0,Large RandomMap,0,
LargeRandomMap2,Large RandomMap 2,32768,LargeRandomMap,0,Large RandomMap,0,
LargeRandomMap3,Large RandomMap 3,32768,LargeRandomMap,0,Large RandomMap,0,
,,,,,,,
RandomMaps2_1,RandomMap 1,16384,RandomMap,0,RandomMap,0,
RandomMaps2_2,RandomMap 2,16384,RandomMap,0,RandomMap,0,
RandomMaps3_1,Large RandomMap 1,32768,LargeRandomMap,0,Large RandomMap,0,
RandomMaps3_2,Large RandomMap 2,32768,LargeRandomMap,0,Large RandomMap,0,
RandomMaps4S_1,[Nov 11] RandomMap 1,16384,RandomMaps4S_1,0,RandomMap,0,
RandomMaps4S_2,[Nov 11] RandomMap 2,16384,RandomMaps4S_2,0,RandomMap,0,
RandomMaps4L_1,[Nov 11] Large RandomMap 1,32768,RandomMaps4L_1,0,Large RandomMap,0,
RandomMaps4L_2,[Nov 11] Large RandomMap 2,32768,RandomMaps4L_2,0,Large RandomMap,0,
RandomMaps4S_3,[Nov 12] RandomMap 3,16384,RandomMaps4S_3,0,RandomMap,0,
RandomMaps4L_3,[Nov 12] Large RandomMap 3,32768,RandomMaps4L_3,0,Large RandomMap,0,
,,,,,,,
RandomMaps4S_4,[Nov 16] RandomMap 4,16384,RandomMaps4S_4,0,RandomMap,0,
RandomMaps4S_5,[Nov 16] RandomMap 5,16384,RandomMaps4S_5,0,RandomMap,0,
RandomMaps4S_6,[Nov 16] RandomMap 6,16384,RandomMaps4S_6,0,RandomMap,0,
RandomMaps4L_4,[Nov 16] Large RandomMap 4,32768,RandomMaps4L_4,0,Large RandomMap,0,
RandomMaps4L_5,[Nov 16] Large RandomMap 5,32768,RandomMaps4L_5,0,Large RandomMap,0,
,,,,,,,
RandomMaps4S_9,[Nov 17] RandomMap 9,16384,RandomMaps4S_9,0,RandomMap,0,
RandomMaps4S_10,[Nov 16] RandomMap 10,16384,RandomMaps4S_10,0,RandomMap,0,
RandomMaps4L_12,[Nov 17] Large RandomMap 12,32768,RandomMaps4L_12,0,Large RandomMap,0,
RandomMaps4L_13,[Nov 17] Large RandomMap 13,32768,RandomMaps4L_13,0,Large RandomMap,0,
RandomMaps4L_14,[Nov 17] Large RandomMap 14,32768,RandomMaps4L_14,0,Large RandomMap,0,
,,,,,,,
GcmPickett,[Variant] Pickett-Pettigrew-Trimble,16384,GcmPickett,1,[V] Pickett-Pettigrew-Trimble,0,
GcmAntietam,[Variant] Antietam,32768,GcmAntietam,1,[V] Antietam,0,
GcmECF,[Variant] East Cavalry Field,16384,GcmECF,1,[V] East Cavalry Field,0,
GcmECF2,[Variant] East Cavalry Field,16384,GcmECF2,1,[V] East Cavalry Field,0,
,,,,,,,
4_PPT_GCM,[Gcm] Pickett-Pettigrew-Trimble,16384,4_PPT,1,Pickett-Pettigrew-Trimble,0,
3_CulpsHill_GCM,[Gcm] Culp's Hill,16384,3_CulpsHill,1,Culp's Hill,0,
2_DD_RT_GCM,[Gcm] Devil's Den,16384,2_DD_RT,1,Devil's Den,0,
1_McPherson_GCM,[Gcm] McPherson,16384,1_McPherson,1,McPherson,0,
5_ECF_GCM,[Gcm] East Cavalry Field,16384,5_ECF,1,East Cavalry Field,0,
Gburg_GCM,[Gcm] Gettysburg,32768,Gburg,1,Gettysburg,0,
Alpine_GCM,[Gcm] Alpine,32768,Alpine,1,Alpine,0,
,,,,,,,
4_PPT_RandomVariant_[RandomVariant],[RandomVariant] Pickett-Pettigrew-Trimble,16384,4_PPT,0,[V] Pickett-Pettigrew-Trimble,0,
3_CulpsHill_RandomVariant_[RandomVariant],[RandomVariant] Culp's Hill,16384,3_CulpsHill,0,[V] Culp's Hill,0,
2_DD_RT_RandomVariant_[RandomVariant],[RandomVariant] Devil's Den,16384,2_DD_RT,0,[V] Devil's Den,0,
1_McPherson_RandomVariant_[RandomVariant],[RandomVariant] McPherson,16384,1_McPherson,0,[V] McPherson,0,
ANT_1_RandomVariant_[RandomVariant],[RandomVariant] Antietam,32768,ANT_1_GCM,0,[V] Antietam,0,
ANT_2_RandomVariant_[RandomVariant],[RandomVariant] Fox's Gap,32768,ANT_2_GCM,0,[V] Fox's Gap,0,
ANT_3_RandomVariant_[RandomVariant],[RandomVariant] Crampton's Gap,32768,ANT_3_GCM,0,[V] Crampton's Gap,0,
,,,,,,,
ANT_1_GCM,[Gcm] Antietam,32768,ANT_1_GCM,1,Antietam,0,
ANT_2_GCM,[Gcm] Fox's Gap,32768,ANT_2_GCM,1,Fox's Gap,0,
ANT_3_GCM,[Gcm] Crampton's Gap,32768,ANT_3_GCM,1,Crampton's Gap,0,
PCL1_GCM,[Gcm] Pipe Creek 1,32768,PCL1_GCM,1,Pipe Creek 1,0,
PCL2_GCM,[Gcm] Pipe Creek 2,32768,PCL2_GCM,1,Pipe Creek 2,0,
PCL3_GCM,[Gcm] Pipe Creek 3,32768,PCL3_GCM,1,Pipe Creek 3,0,
,,,,,,,
CVWest,[Stock] Chancellorsville West,32768,CVWest,1,Chancellorsville West,0,
CVEast,[Stock] Chancellorsville East,32768,CVWest,1,Chancellorsville East,0,
CVNorth,[Stock] Chancellorsville North,32768,CVWest,1,Chancellorsville North,0,
CVNorth_Night,[Stock] Chancellorsville North Night,32768,CVWest,1,Chancellorsville North,0,
FBSC,[Stock] Fredericksburg,32768,FBSC,1,Fredericksburg,0,
ANT_1,[Stock] Antietam,32768,ANT_1,1,Antietam,0,
ANT_2,[Stock] Fox's Gap,32768,ANT_2,1,Fox's Gap,0,
ANT_3,[Stock] Crampton's Gap,32768,ANT_3,1,Crampton's Gap,0,
PCL1,[Stock] Pipe Creek 1,32768,PCL1,1,Pipe Creek 1,0,
PCL2,[Stock] Pipe Creek 2,32768,PCL2,1,Pipe Creek 2,0,
PCL3,[Stock] Pipe Creek 3,32768,PCL3,1,Pipe Creek 3,0,
,,,,,,,
4_PPT,[Stock] Pickett-Pettigrew-Trimble,16384,4_PPT,1,Pickett-Pettigrew-Trimble,0,
3_CulpsHill,[Stock] Culp's Hill,16384,3_CulpsHill,1,Culp's Hill,0,
2_DD_RT,[Stock] Devil's Den,16384,2_DD_RT,1,Devil's Den,0,
1_McPherson,[Stock] McPherson,16384,1_McPherson,1,McPherson,0,
5_ECF,[Stock] East Cavalry Field,16384,5_ECF,1,East Cavalry Field,0,
Gburg,[Stock] Gettysburg,32768,Gburg,1,Gettysburg,0,
Alpine,[Stock] Alpine,32768,Alpine,1,Alpine,0,
,,,,,,,
TrevilianSt_GCM,[Manual Download] [Gcm] Trevilian Station,32768,TrevilianSt,1,Trevilian Station,0,
TrevilianSt,[Manual Download] Trevilian Station,32768,TrevilianSt,1,Trevilian Station,0,
SEC,[Manual Download] Secessionville,32768,SEC,1,Secessionville,0,
Valverde,[Manual Download] Valverde,16384,Valverde,1,Valverde,0,
Olustee,[Manual Download] Olustee,16384,Olustee,1,Olustee,0,
10MileMapV1,[Manual Download] 10 Mile Map,65536,10MileMapV1,1,10 Mile Map,0,
,,,,,,,
RandomMap,RandomMap,16384,RandomMap,0,RandomMap,0,
KS,Kansas,16384,KS,0,Kansas,0,
ANT_1PM,Antietam GCM,32768,ANT_1,0,Antietam,0,
