RandomMaps4L_460,10
RandomMaps4L_461,10
RandomMaps4L_462,10
RandomMaps4L_463,10
RandomMaps4L_464,10
RandomMaps4L_465,10
RandomMaps4L_466,10
RandomMaps4L_467,10
RandomMaps4L_468,10
RandomMaps4L_469,10
RandomMaps4L_470,10
RandomMaps4L_471,10
RandomMaps4L_472,10
RandomMaps4L_473,10
RandomMaps4L_474,10
RandomMaps4L_475,10
RandomMaps4L_476,10
RandomMaps4L_477,10
RandomMaps4L_478,10
RandomMaps4L_479,10
RandomMaps4L_480,10
RandomMaps4L_481,10
RandomMaps4L_482,10
RandomMaps4L_483,10
RandomMaps4L_484,10
